PLAYER_ID,PLAYER_NAME,league,season,role,POSITION,GP,MIN,PTS,AST,REB,STL,BLK,TOV,FGA,FTA,FG3A,USG_PCT
1630639,A.J. Lawson,NBA,2024-25,Guard,G,26,18.7,9.1,1.2,3.3,0.5,0.2,0.6,7.3,2.4,3.9,0.189
1631260,AJ Green,NBA,2024-25,Guard,G,73,22.7,7.4,1.5,2.4,0.5,0.1,0.5,5.8,0.4,5.0,0.123
1642358,AJ Johnson,NBA,2024-25,Guard,G,29,22.0,7.6,2.6,2.0,0.4,0.1,1.2,7.3,1.3,3.1,0.173
203932,Aaron Gordon,NBA,2024-25,Wing,F,51,28.4,14.7,3.2,4.8,0.5,0.3,1.4,9.7,3.5,3.4,0.186
1628988,Aaron Holiday,NBA,2024-25,Guard,G,62,12.8,5.5,1.3,1.3,0.3,0.2,0.6,4.3,0.7,2.9,0.162
1630174,Aaron Nesmith,NBA,2024-25,Wing,G-F,45,24.9,12.0,1.2,4.0,0.8,0.4,0.8,8.4,1.8,4.3,0.171
1630598,Aaron Wiggins,NBA,2024-25,Guard,G,76,22.9,12.0,1.8,3.9,0.8,0.2,0.9,9.6,1.2,4.5,0.2
1641745,Adam Flagler,NBA,2024-25,Guard,G,37,5.5,1.8,0.3,0.7,0.2,0.1,0.1,2.6,0.1,1.9,0.207
1641766,Adama Sanogo,NBA,2024-25,,,4,5.4,2.0,0.3,1.5,0.0,0.0,0.3,1.8,0.0,0.0,0.145
1641737,Adem Bona,NBA,2024-25,Wing,F,58,15.6,5.8,0.5,4.2,0.4,1.2,1.1,3.3,1.7,0.0,0.135
1642349,Ajay Mitchell,NBA,2024-25,Guard,G,36,16.6,6.5,1.8,1.9,0.7,0.1,0.8,5.1,1.0,1.7,0.159
201143,Al Horford,NBA,2024-25,Big,C-F,60,27.6,9.0,2.1,6.2,0.6,0.9,0.8,7.7,0.6,5.2,0.136
202692,Alec Burks,NBA,2024-25,Guard,G,49,17.6,7.3,1.1,2.5,0.6,0.1,0.6,5.5,1.0,4.2,0.16
1627936,Alex Caruso,NBA,2024-25,Guard,G,54,19.3,7.1,2.5,2.9,1.6,0.6,0.7,5.8,0.9,3.1,0.147
1642505,Alex Ducas,NBA,2024-25,Guard,G,21,6.0,1.7,0.2,1.2,0.2,0.0,0.2,1.4,0.1,1.0,0.115
203458,Alex Len,NBA,2024-25,Big,C,46,8.3,1.6,0.8,2.1,0.2,0.5,0.4,1.4,0.4,0.2,0.101
1642024,Alex Reese,NBA,2024-25,Big,F-C,15,14.4,5.1,0.3,3.1,0.7,0.7,0.4,3.6,0.8,2.7,0.123
1642259,Alex Sarr,NBA,2024-25,Big,C,67,27.1,13.0,2.4,6.5,0.7,1.5,1.7,12.4,2.5,5.1,0.23
1631214,Alondes Williams,NBA,2024-25,,,1,3.7,5.0,1.0,0.0,0.0,0.0,0.0,2.0,0.0,1.0,0.286
1630578,Alperen Sengun,NBA,2024-25,Big,C,76,31.5,19.1,4.9,10.3,1.1,0.8,2.6,15.0,5.6,1.2,0.259
1641708,Amen Thompson,NBA,2024-25,Wing,G-F,69,32.3,14.1,3.8,8.2,1.4,1.3,2.0,10.1,3.6,1.3,0.172
1629599,Amir Coffey,NBA,2024-25,Wing,G-F,72,24.3,9.7,1.1,2.2,0.6,0.1,0.6,7.1,1.8,3.4,0.15
203083,Andre Drummond,NBA,2024-25,Big,C,40,18.8,7.3,0.9,7.8,1.0,0.5,1.4,5.9,2.3,0.5,0.183
1641748,Andre Jackson Jr.,NBA,2024-25,Guard,G,67,14.6,3.4,1.2,2.7,0.5,0.2,0.9,2.9,0.4,1.1,0.115
1629614,Andrew Nembhard,NBA,2024-25,Wing,G-F,65,28.9,10.0,5.0,3.3,1.2,0.2,1.7,8.3,2.1,2.7,0.163
203952,Andrew Wiggins,NBA,2024-25,Wing,F,60,30.7,18.0,2.6,4.5,1.0,0.8,1.7,14.0,4.3,5.8,0.238
1629014,Anfernee Simons,NBA,2024-25,Guard,G,70,32.7,19.3,4.8,2.7,0.9,0.1,2.0,16.1,2.8,8.5,0.241
1641710,Anthony Black,NBA,2024-25,Guard,G,78,24.2,9.4,3.1,2.9,1.1,0.6,1.8,7.9,2.5,2.5,0.19
203076,Anthony Davis,NBA,2024-25,Big,F-C,51,33.4,24.7,3.5,11.6,1.2,2.2,2.2,17.8,7.2,2.4,0.301
1630162,Anthony Edwards,NBA,2024-25,Guard,G,79,36.3,27.6,4.5,5.7,1.2,0.6,3.2,20.4,6.3,10.3,0.307
1630264,Anthony Gill,NBA,2024-25,Wing,F,51,7.8,2.5,0.3,1.3,0.2,0.0,0.2,1.7,1.0,0.6,0.124
1641817,Anton Watson,NBA,2024-25,Wing,F,9,2.5,0.9,0.2,0.3,0.1,0.0,0.2,1.0,0.0,0.1,0.193
1641810,Antonio Reeves,NBA,2024-25,Guard,G,44,15.0,6.9,0.9,1.4,0.5,0.1,0.7,5.6,0.8,2.9,0.183
1630574,Ariel Hukporti,NBA,2024-25,Big,C,25,8.7,1.9,0.4,2.0,0.0,0.6,0.8,1.2,0.5,0.0,0.113
1642422,Armel Traore,NBA,2024-25,,,9,7.4,1.6,0.1,1.7,0.4,0.2,0.3,2.1,0.8,0.8,0.153
1641709,Ausar Thompson,NBA,2024-25,Wing,G-F,59,22.5,10.1,2.3,5.1,1.7,0.7,1.4,7.8,2.4,0.8,0.185
1630559,Austin Reaves,NBA,2024-25,Guard,G,73,34.9,20.2,5.8,4.5,1.1,0.3,2.4,14.2,5.0,7.3,0.23
1630245,Ayo Dosunmu,NBA,2024-25,Guard,G,46,30.3,12.3,4.5,3.5,0.9,0.4,1.5,9.8,1.7,4.1,0.163
1628389,Bam Adebayo,NBA,2024-25,Big,C-F,78,34.3,18.1,4.3,9.6,1.3,0.7,2.1,14.3,4.2,2.8,0.232
1631248,Baylor Scheierman,NBA,2024-25,Guard,G,31,12.4,3.6,1.1,2.1,0.5,0.1,0.4,3.5,0.4,2.6,0.143
1641767,Ben Sheppard,NBA,2024-25,Guard,G,63,19.5,5.3,1.3,2.8,0.6,0.2,0.3,4.6,0.4,3.2,0.108
1627732,Ben Simmons,NBA,2024-25,Wing,G-F,51,22.0,5.0,5.6,4.7,0.7,0.5,2.0,4.4,0.6,0.0,0.133
1631097,Bennedict Mathurin,NBA,2024-25,Wing,G-F,72,29.9,16.1,1.9,5.3,0.7,0.3,1.9,11.8,4.6,4.0,0.222
1641731,Bilal Coulibaly,NBA,2024-25,Guard,G,59,33.0,12.3,3.4,5.0,1.3,0.7,2.1,10.6,3.1,3.8,0.175
202687,Bismack Biyombo,NBA,2024-25,Big,C,28,18.8,5.1,1.1,5.6,0.6,0.8,1.0,4.1,0.9,0.0,0.124
1631104,Blake Wesley,NBA,2024-25,Guard,G,58,11.8,3.7,2.0,1.1,0.6,0.1,0.9,3.2,1.1,1.0,0.165
1626171,Bobby Portis Jr.,NBA,2024-25,Wing,F,49,25.4,13.9,2.1,8.4,0.7,0.5,1.2,12.1,1.5,3.6,0.234
1641752,Bobi Klintman,NBA,2024-25,Wing,F,8,5.3,1.9,0.9,0.9,0.3,0.1,0.1,1.3,0.3,0.6,0.121
203992,Bogdan Bogdanović,NBA,2024-25,Guard,G,54,25.0,10.8,2.7,2.9,0.8,0.2,1.4,9.1,1.2,5.4,0.183
1629626,Bol Bol,NBA,2024-25,Big,C-F,36,12.5,6.8,0.6,2.9,0.3,0.7,0.6,5.1,0.7,2.6,0.204
1630538,Bones Hyland,NBA,2024-25,Guard,G,24,9.9,6.2,1.3,1.0,0.8,0.2,1.0,4.9,1.1,3.4,0.274
203078,Bradley Beal,NBA,2024-25,Guard,G,53,32.1,17.0,3.7,3.3,1.1,0.5,1.9,13.1,2.6,5.0,0.219
1642382,Branden Carlson,NBA,2024-25,Big,C,32,7.7,3.8,0.4,1.7,0.2,0.7,0.2,3.0,0.6,2.1,0.185
1641764,Brandin Podziemski,NBA,2024-25,Guard,G,64,26.8,11.7,3.4,5.1,1.1,0.2,1.2,9.8,1.5,4.8,0.177
1630527,Brandon Boston Jr.,NBA,2024-25,Guard,G,42,23.6,10.7,2.2,3.2,1.3,0.2,1.2,9.1,2.0,3.3,0.199
1629634,Brandon Clarke,NBA,2024-25,Wing,F,64,18.9,8.3,1.0,5.1,0.8,0.6,0.6,5.9,1.4,0.3,0.15
1627742,Brandon Ingram,NBA,2024-25,Wing,F,18,33.1,22.2,5.2,5.6,0.9,0.6,3.8,18.5,3.1,6.4,0.305
1641706,Brandon Miller,NBA,2024-25,Wing,F,27,34.2,21.0,3.6,4.9,1.1,0.7,2.8,18.2,2.9,10.9,0.27
1630314,Brandon Williams,NBA,2024-25,Guard,G,33,14.8,8.3,2.3,1.8,0.7,0.2,1.2,5.7,2.0,1.8,0.218
1630296,Braxton Key,NBA,2024-25,Wing,F,3,3.6,1.0,0.0,0.7,0.7,0.0,0.3,1.3,2.0,0.3,0.222
1641729,Brice Sensabaugh,NBA,2024-25,Wing,F,71,20.2,10.9,1.5,3.0,0.6,0.1,1.5,8.4,1.0,5.2,0.208
1642355,Bronny James,NBA,2024-25,Guard,G,27,6.7,2.3,0.8,0.7,0.3,0.1,0.5,2.5,0.5,1.2,0.199
201572,Brook Lopez,NBA,2024-25,Big,C,80,31.8,13.0,1.8,5.0,0.6,1.9,1.1,9.7,1.7,4.7,0.157
1628971,Bruce Brown,NBA,2024-25,Wing,G-F,41,22.5,8.3,2.0,4.0,0.8,0.2,1.0,7.5,1.6,2.0,0.169
1628981,Bruno Fernando,NBA,2024-25,,,17,8.6,3.4,1.1,3.0,0.2,0.5,0.8,2.9,0.5,0.0,0.182
1631121,Bryce McGowens,NBA,2024-25,Guard,G,13,2.5,1.0,0.2,0.2,0.1,0.0,0.3,1.1,0.5,0.3,0.244
1642267,Bub Carrington,NBA,2024-25,Guard,G,82,30.0,9.8,4.4,4.2,0.7,0.3,1.7,9.1,1.0,5.0,0.154
1627741,Buddy Hield,NBA,2024-25,Guard,G,82,22.7,11.1,1.6,3.2,0.8,0.3,1.1,9.6,0.8,6.7,0.196
203468,CJ McCollum,NBA,2024-25,Guard,G,56,32.7,21.1,4.1,3.8,0.8,0.4,1.9,17.9,3.1,8.2,0.266
1630595,Cade Cunningham,NBA,2024-25,Guard,G,70,35.0,26.1,9.1,6.1,1.0,0.8,4.4,20.8,5.3,6.0,0.323
1631216,Caleb Houstan,NBA,2024-25,Guard,G,58,13.6,4.1,0.6,1.3,0.4,0.1,0.2,3.3,0.3,2.8,0.115
1628997,Caleb Martin,NBA,2024-25,Wing,F,45,27.1,7.9,2.1,3.9,1.0,0.5,1.2,6.8,2.2,2.3,0.143
1642353,Cam Christie,NBA,2024-25,Guard,G,13,4.5,1.4,0.5,0.9,0.4,0.1,0.2,1.8,0.3,1.0,0.192
1629629,Cam Reddish,NBA,2024-25,,,33,17.9,3.2,0.7,2.0,1.0,0.3,0.4,2.8,0.8,1.4,0.084
1642285,Cam Spencer,NBA,2024-25,Guard,G,25,10.1,4.2,1.4,1.2,0.4,0.0,0.2,3.3,0.8,2.1,0.148
1630560,Cam Thomas,NBA,2024-25,Guard,G,25,31.2,24.0,3.8,3.3,0.6,0.1,2.5,18.2,6.0,7.8,0.328
1641715,Cam Whitmore,NBA,2024-25,Wing,F,51,16.2,9.4,1.0,3.0,0.6,0.3,0.9,7.9,1.4,3.6,0.231
1629661,Cameron Johnson,NBA,2024-25,Wing,F,57,31.6,18.8,3.4,4.3,0.9,0.4,1.7,13.1,3.9,7.2,0.224
1626166,Cameron Payne,NBA,2024-25,Guard,G,72,15.1,6.9,2.8,1.4,0.5,0.2,0.7,6.2,0.8,3.6,0.2
1627747,Caris LeVert,NBA,2024-25,Guard,G,64,24.9,12.1,3.4,3.2,0.9,0.5,1.2,9.4,2.4,4.4,0.191
1641717,Cason Wallace,NBA,2024-25,Guard,G,68,27.6,8.4,2.5,3.4,1.8,0.5,0.9,7.2,0.5,3.1,0.124
1629646,Charles Bassey,NBA,2024-25,Big,C-F,36,10.4,4.4,0.5,4.2,0.4,0.8,0.6,3.3,0.9,0.0,0.164
1631096,Chet Holmgren,NBA,2024-25,Big,C-F,32,27.4,15.0,2.0,8.0,0.7,2.2,1.8,10.7,4.2,3.6,0.214
1628449,Chris Boucher,NBA,2024-25,Wing,F,50,17.2,10.0,0.7,4.5,0.5,0.5,0.6,7.4,1.7,3.9,0.208
1630537,Chris Duarte,NBA,2024-25,,,17,4.4,2.1,0.5,1.2,0.0,0.0,0.1,1.5,0.5,0.9,0.151
1641753,Chris Livingston,NBA,2024-25,Wing,F,21,5.0,1.4,0.2,1.7,0.2,0.0,0.3,1.3,0.8,0.4,0.15
101108,Chris Paul,NBA,2024-25,Guard,G,82,28.0,8.8,7.4,3.6,1.3,0.3,1.6,7.1,1.1,4.5,0.137
1631128,Christian Braun,NBA,2024-25,Guard,G,79,33.9,15.4,2.6,5.2,1.1,0.5,1.0,10.4,2.7,2.8,0.155
1631132,Christian Koloko,NBA,2024-25,Big,C,37,9.2,2.4,0.4,2.5,0.2,0.4,0.3,1.8,0.4,0.1,0.104
1629643,Chuma Okeke,NBA,2024-25,Wing,F,9,21.9,5.9,1.7,5.2,0.6,0.4,0.3,4.4,0.3,3.1,0.093
203991,Clint Capela,NBA,2024-25,Big,C,55,21.4,8.9,1.1,8.5,0.6,1.0,0.9,7.1,1.8,0.0,0.16
1629632,Coby White,NBA,2024-25,Guard,G,74,33.1,20.4,4.5,3.7,0.9,0.2,2.4,15.1,4.1,7.9,0.237
1628998,Cody Martin,NBA,2024-25,Wing,F,53,22.1,6.8,2.0,4.2,1.1,0.6,1.0,6.1,1.2,2.8,0.142
1642262,Cody Williams,NBA,2024-25,Wing,F,50,21.2,4.6,1.2,2.3,0.5,0.3,0.9,5.1,0.8,2.7,0.122
1641732,Colby Jones,NBA,2024-25,Guard,G,39,13.2,4.0,1.1,2.2,0.7,0.3,0.6,3.3,0.9,1.3,0.138
1630175,Cole Anthony,NBA,2024-25,Guard,G,67,18.4,9.4,2.9,3.0,0.7,0.5,1.5,8.1,1.7,3.3,0.238
1631306,Cole Swider,NBA,2024-25,,,10,17.0,5.9,0.3,2.7,0.4,0.2,0.4,6.3,0.1,4.7,0.155
1630658,Colin Castleton,NBA,2024-25,Big,C,26,16.6,4.7,1.1,4.7,0.3,0.4,0.9,3.8,1.5,0.6,0.125
1631221,Collin Gillespie,NBA,2024-25,Guard,G,33,14.0,5.9,2.4,2.4,0.6,0.2,0.5,4.8,0.7,2.7,0.17
1629012,Collin Sexton,NBA,2024-25,Guard,G,63,27.9,18.4,4.2,2.7,0.7,0.1,2.5,13.8,4.0,4.3,0.264
1630557,Corey Kispert,NBA,2024-25,Wing,F,61,26.3,11.6,1.7,3.0,0.4,0.2,1.0,9.3,1.4,5.4,0.169
202709,Cory Joseph,NBA,2024-25,Guard,G,50,12.2,3.5,1.4,1.5,0.5,0.1,0.4,3.1,0.4,2.1,0.126
1641854,Craig Porter Jr.,NBA,2024-25,Guard,G,51,10.1,3.7,1.4,1.3,0.3,0.3,0.7,2.7,0.6,0.9,0.155
1642385,Cui Cui,NBA,2024-25,,,5,2.1,0.6,0.0,0.4,0.0,0.0,0.0,1.4,0.4,0.6,0.296
1626156,D'Angelo Russell,NBA,2024-25,Guard,G,58,25.5,12.6,5.1,2.8,1.0,0.4,1.9,11.0,2.5,6.2,0.228
1630618,D.J. Carton,NBA,2024-25,,,4,8.3,0.8,0.8,1.0,0.5,0.0,1.0,1.8,0.3,0.8,0.122
1629610,DaQuan Jeffries,NBA,2024-25,Wing,G-F,47,22.8,6.7,1.1,2.9,0.6,0.5,0.7,6.2,0.6,3.5,0.136
1631342,Daeqwon Plowden,NBA,2024-25,Wing,G-F,6,11.9,7.2,0.3,1.8,0.0,0.0,0.7,4.2,0.3,2.8,0.181
1630227,Daishen Nix,NBA,2024-25,,,3,4.4,0.3,1.0,1.3,0.0,0.0,1.3,0.3,0.7,0.3,0.176
1630625,Dalano Banton,NBA,2024-25,Wing,F,67,16.7,8.3,2.4,2.0,0.6,0.5,1.3,7.6,1.9,3.3,0.237
1631207,Dalen Terry,NBA,2024-25,Wing,F,73,13.5,4.5,1.3,1.7,0.6,0.2,0.7,3.7,0.9,1.4,0.142
1642261,Dalton Knecht,NBA,2024-25,Wing,F,78,19.2,9.1,0.8,2.8,0.3,0.1,0.5,7.1,1.1,4.4,0.181
203081,Damian Lillard,NBA,2024-25,Guard,G,58,36.1,24.9,7.1,4.7,1.2,0.2,2.8,17.1,6.8,9.0,0.269
1641878,Damion Baugh,NBA,2024-25,Guard,G,15,24.7,7.3,3.7,3.3,1.0,0.1,2.1,8.7,1.0,3.7,0.186
1627814,Damion Lee,NBA,2024-25,Wing,G-F,25,5.8,3.3,0.4,0.8,0.2,0.0,0.4,3.0,0.8,1.5,0.269
1629655,Daniel Gafford,NBA,2024-25,Big,F-C,57,21.5,12.3,1.4,6.8,0.4,1.8,1.2,7.1,3.4,0.0,0.186
1628464,Daniel Theis,NBA,2024-25,,,38,16.3,4.3,1.6,4.3,0.5,0.5,0.7,3.4,1.0,1.0,0.111
1642450,Daniss Jenkins,NBA,2024-25,Guard,G,7,3.2,1.0,0.4,0.3,0.0,0.0,0.1,1.4,0.3,1.0,0.231
203957,Dante Exum,NBA,2024-25,Guard,G,20,18.6,8.7,2.8,1.7,0.6,0.2,1.1,6.7,1.6,2.7,0.193
203967,Dario Saric,NBA,2024-25,Big,F-C,16,13.1,3.5,1.4,3.1,0.4,0.1,0.9,3.6,0.6,1.6,0.157
1641727,Dariq Whitehead,NBA,2024-25,Wing,G-F,20,12.3,5.7,0.6,1.5,0.3,0.1,0.8,4.8,0.3,3.7,0.189
1629636,Darius Garland,NBA,2024-25,Guard,G,75,30.7,20.6,6.7,2.9,1.2,0.1,2.5,15.7,3.4,7.1,0.265
1630561,David Duke Jr.,NBA,2024-25,Guard,G,6,5.6,2.7,0.7,0.8,0.2,0.0,0.3,2.3,0.3,1.0,0.207
1631223,David Roddy,NBA,2024-25,Wing,F,33,12.4,4.6,1.1,2.5,0.4,0.3,0.7,3.8,0.8,1.8,0.159
1630558,Davion Mitchell,NBA,2024-25,Guard,G,74,27.4,7.9,4.9,2.3,1.0,0.2,1.7,6.4,1.1,2.9,0.135
1630549,Day'Ron Sharpe,NBA,2024-25,Big,C,50,18.1,7.9,1.8,6.6,0.8,0.8,1.3,6.3,1.5,0.9,0.186
1628368,De'Aaron Fox,NBA,2024-25,Guard,G,62,36.1,23.5,6.3,4.8,1.5,0.4,2.8,18.8,5.1,6.1,0.274
1629631,De'Andre Hunter,NBA,2024-25,Wing,F-G,64,27.2,17.0,1.4,4.0,0.8,0.2,1.3,11.9,4.0,6.1,0.221
1629001,De'Anthony Melton,NBA,2024-25,Guard,G,6,20.2,10.3,2.8,3.3,1.2,0.3,1.7,9.0,1.3,5.8,0.223
201599,DeAndre Jordan,NBA,2024-25,Big,C,56,12.3,3.7,0.9,5.1,0.3,0.5,0.7,2.5,1.1,0.0,0.126
201942,DeMar DeRozan,NBA,2024-25,Wing,G-F,77,35.9,22.2,4.4,3.9,0.8,0.4,1.4,17.0,5.7,3.3,0.244
1629731,Dean Wade,NBA,2024-25,Big,F-C,59,21.2,5.4,1.3,4.2,0.7,0.3,0.4,4.6,0.5,3.8,0.101
1629028,Deandre Ayton,NBA,2024-25,Big,C,40,30.1,14.4,1.6,10.2,0.8,1.0,1.7,11.7,1.5,0.8,0.197
1627749,Dejounte Murray,NBA,2024-25,Guard,G,31,32.6,17.5,7.4,6.5,2.0,0.4,3.4,15.9,4.0,5.6,0.263
1626153,Delon Wright,NBA,2024-25,Guard,G,40,15.9,3.1,1.9,1.7,0.9,0.3,0.6,3.3,0.6,1.8,0.111
1630166,Deni Avdija,NBA,2024-25,Wing,F,72,30.0,16.9,3.9,7.3,1.0,0.5,2.7,11.7,5.2,4.8,0.228
203471,Dennis Schröder,NBA,2024-25,Guard,G,75,28.1,13.1,5.4,2.6,0.9,0.2,1.9,11.0,2.9,4.9,0.211
1641726,Dereck Lively II,NBA,2024-25,Big,C,36,23.1,8.7,2.4,7.5,0.6,1.6,1.1,5.3,2.0,0.0,0.132
1627884,Derrick Jones Jr.,NBA,2024-25,Wing,F,77,24.3,10.1,0.8,3.4,1.0,0.4,0.9,7.6,1.5,2.8,0.16
1628401,Derrick White,NBA,2024-25,Guard,G,76,33.9,16.4,4.8,4.5,0.9,1.1,1.7,12.6,2.1,9.1,0.195
1630217,Desmond Bane,NBA,2024-25,Guard,G,69,32.0,19.2,5.3,6.1,1.2,0.4,2.4,14.8,2.9,6.1,0.227
1626164,Devin Booker,NBA,2024-25,Guard,G,75,37.3,25.6,7.1,4.1,0.9,0.2,2.9,18.9,6.4,7.3,0.285
1642269,Devin Carter,NBA,2024-25,Guard,G,36,11.0,3.8,1.1,2.1,0.6,0.1,0.5,3.5,1.2,1.7,0.169
1630170,Devin Vassell,NBA,2024-25,Wing,G-F,64,31.0,16.3,2.9,4.0,1.3,0.5,1.4,13.9,1.9,6.7,0.217
1628415,Dillon Brooks,NBA,2024-25,Wing,G-F,75,31.8,14.0,1.7,3.7,0.8,0.2,1.0,11.9,1.6,6.3,0.176
1641794,Dillon Jones,NBA,2024-25,Wing,F,54,10.2,2.5,1.1,2.2,0.3,0.1,0.5,2.5,0.5,1.2,0.131
1627734,Domantas Sabonis,NBA,2024-25,Big,F-C,70,34.7,19.1,6.0,13.9,0.7,0.4,2.9,12.8,4.1,2.2,0.213
1631230,Dominick Barlow,NBA,2024-25,Wing,F,35,10.7,4.2,0.5,2.4,0.3,0.5,0.1,3.2,0.9,0.8,0.141
1642270,Donovan Clingan,NBA,2024-25,Big,C,67,19.8,6.5,1.1,7.9,0.5,1.6,1.1,5.0,1.6,0.7,0.135
1628378,Donovan Mitchell,NBA,2024-25,Guard,G,71,31.4,24.0,5.0,4.5,1.3,0.2,2.1,18.6,5.1,8.9,0.298
1628978,Donte DiVincenzo,NBA,2024-25,Guard,G,62,25.9,11.7,3.6,3.7,1.2,0.3,1.6,9.6,1.0,7.1,0.188
1627827,Dorian Finney-Smith,NBA,2024-25,Wing,F,63,28.9,8.7,1.4,3.9,0.9,0.4,0.9,6.9,0.7,5.0,0.123
203926,Doug McDermott,NBA,2024-25,Wing,F,42,8.1,3.5,0.2,0.5,0.1,0.0,0.1,2.8,0.1,2.4,0.15
203110,Draymond Green,NBA,2024-25,Wing,F,68,29.2,9.0,5.6,6.1,1.5,1.0,2.6,7.5,2.2,3.6,0.157
1629234,Drew Eubanks,NBA,2024-25,Big,F-C,61,12.2,4.6,0.9,3.7,0.2,0.6,0.7,3.2,1.2,0.1,0.149
1641809,Drew Peterson,NBA,2024-25,Wing,F,25,7.4,2.2,0.5,1.6,0.2,0.1,0.3,1.6,0.4,1.3,0.121
1631166,Drew Timme,NBA,2024-25,Wing,F,9,28.2,12.1,2.2,7.2,0.4,0.1,1.7,11.3,1.8,3.9,0.205
1630696,Dru Smith,NBA,2024-25,Guard,G,14,19.2,6.2,1.6,2.6,1.5,0.4,1.2,4.4,0.9,2.1,0.131
1629130,Duncan Robinson,NBA,2024-25,Wing,F,74,24.1,11.0,2.4,2.3,0.5,0.1,1.2,9.0,0.7,6.5,0.187
1641871,Duop Reath,NBA,2024-25,Big,C,46,10.2,4.2,0.6,2.0,0.3,0.3,0.3,3.6,0.5,2.3,0.162
203939,Dwight Powell,NBA,2024-25,Big,F-C,55,10.0,2.1,1.0,2.1,0.3,0.4,0.3,1.1,0.8,0.1,0.073
1630700,Dyson Daniels,NBA,2024-25,Guard,G,76,33.8,14.1,4.4,5.9,3.0,0.7,2.0,12.1,1.8,3.1,0.178
1630604,E.J. Liddell,NBA,2024-25,Wing,F,12,4.4,1.8,0.3,0.8,0.1,0.1,0.2,1.3,0.2,0.8,0.13
203901,Elfrid Payton,NBA,2024-25,Guard,G,24,21.3,3.5,6.9,3.3,1.0,0.5,2.5,5.1,0.3,0.3,0.151
1641989,Elijah Harkless,NBA,2024-25,Guard,G,10,13.8,3.2,0.8,2.1,1.0,0.1,0.3,3.5,0.6,2.5,0.12
1641801,Emanuel Miller,NBA,2024-25,Wing,F,6,4.1,1.7,0.3,1.3,0.2,0.0,0.0,1.3,0.3,0.2,0.143
1641734,Emoni Bates,NBA,2024-25,Wing,F,10,7.5,3.7,0.8,0.7,0.1,0.1,0.2,3.8,0.0,3.0,0.201
1642402,Enrique Freeman,NBA,2024-25,Wing,F,22,8.2,2.1,0.4,1.4,0.1,0.1,0.3,1.7,0.9,0.5,0.109
201569,Eric Gordon,NBA,2024-25,Guard,G,39,19.7,6.8,1.7,1.2,0.7,0.3,0.7,5.2,1.2,3.5,0.14
1630596,Evan Mobley,NBA,2024-25,Big,C,71,30.5,18.5,3.2,9.3,0.9,1.6,2.0,12.8,4.3,3.2,0.226
1630532,Franz Wagner,NBA,2024-25,Wing,F,60,33.7,24.2,4.7,5.7,1.3,0.4,2.3,19.4,5.2,5.9,0.306
1627832,Fred VanVleet,NBA,2024-25,Guard,G,60,35.2,14.1,5.6,3.7,1.6,0.4,1.5,12.7,2.3,7.7,0.176
1641713,GG Jackson,NBA,2024-25,Wing,F,29,15.8,7.2,1.0,3.2,0.4,0.2,1.1,6.9,1.4,3.3,0.219
1629216,Gabe Vincent,NBA,2024-25,Guard,G,72,21.2,6.4,1.4,1.3,0.7,0.2,0.6,5.8,0.3,4.3,0.131
202066,Garrett Temple,NBA,2024-25,Wing,G-F,28,8.1,1.9,1.1,1.0,0.6,0.1,0.4,2.1,0.4,1.0,0.129
1629726,Garrison Mathews,NBA,2024-25,Guard,G,47,17.6,7.5,1.3,1.9,0.6,0.3,0.7,5.5,1.7,4.6,0.153
203914,Gary Harris,NBA,2024-25,Guard,G,48,14.8,3.0,0.6,1.3,0.5,0.3,0.4,2.8,0.3,2.1,0.09
1627780,Gary Payton II,NBA,2024-25,Guard,G,62,15.0,6.5,1.3,3.0,0.8,0.3,0.6,4.8,0.6,1.5,0.156
1629018,Gary Trent Jr.,NBA,2024-25,Guard,G,74,25.6,11.1,1.2,2.3,1.0,0.1,0.6,8.9,1.2,5.9,0.168
1627777,Georges Niang,NBA,2024-25,Wing,F,79,21.5,9.9,1.4,3.4,0.4,0.2,1.0,7.8,0.7,5.2,0.177
203507,Giannis Antetokounmpo,NBA,2024-25,Wing,F,67,34.2,30.4,6.5,11.9,0.9,1.2,3.1,19.7,10.6,0.9,0.346
1629048,Goga Bitadze,NBA,2024-25,Big,C-F,70,20.4,7.2,2.0,6.6,0.7,1.4,1.0,4.8,1.9,0.4,0.142
1641711,Gradey Dick,NBA,2024-25,Wing,G-F,54,29.4,14.4,1.8,3.6,0.9,0.2,1.5,12.0,2.9,6.0,0.209
1629684,Grant Williams,NBA,2024-25,Wing,F,16,29.9,10.4,2.3,5.1,1.1,0.8,1.8,7.7,2.3,4.6,0.146
1628960,Grayson Allen,NBA,2024-25,Guard,G,64,24.1,10.6,2.1,3.0,0.8,0.3,1.2,7.6,1.8,5.5,0.169
1627824,Guerschon Yabusele,NBA,2024-25,Wing,F,70,27.1,11.0,2.1,5.6,0.8,0.3,1.2,8.0,2.0,3.9,0.163
1630611,Gui Santos,NBA,2024-25,Wing,F,56,13.6,4.1,1.4,3.1,0.4,0.2,0.8,3.2,0.8,1.8,0.126
203084,Harrison Barnes,NBA,2024-25,Wing,F,82,27.2,12.3,1.7,3.8,0.5,0.2,0.6,8.3,2.4,4.4,0.157
1631127,Harrison Ingram,NBA,2024-25,Wing,F,5,7.0,0.8,0.6,1.8,0.6,0.0,0.2,0.8,0.0,0.2,0.06
1629312,Haywood Highsmith,NBA,2024-25,Wing,F,74,24.6,6.5,1.5,3.4,0.9,0.5,0.7,5.3,0.6,3.1,0.111
1630529,Herbert Jones,NBA,2024-25,Wing,F,20,32.4,10.3,3.3,3.9,1.9,0.5,1.8,8.6,2.0,3.6,0.146
1641816,Hunter Tyson,NBA,2024-25,Wing,F,51,7.8,2.6,0.4,1.5,0.2,0.1,0.3,2.4,0.5,1.5,0.146
1630193,Immanuel Quickley,NBA,2024-25,Guard,G,33,27.8,17.1,5.8,3.5,0.7,0.1,1.8,13.3,3.9,6.8,0.246
1642403,Isaac Jones,NBA,2024-25,Wing,F,40,7.6,3.4,0.3,1.4,0.1,0.3,0.4,2.1,0.9,0.2,0.152
1630171,Isaac Okoro,NBA,2024-25,Wing,F-G,55,19.1,6.1,1.2,2.4,0.6,0.3,0.4,4.9,0.8,2.7,0.124
1642268,Isaiah Collier,NBA,2024-25,Guard,G,71,25.9,8.7,6.3,3.3,0.9,0.2,2.9,7.8,2.2,2.4,0.186
1642384,Isaiah Crawford,NBA,2024-25,Wing,F,15,3.0,0.9,0.1,0.5,0.1,0.1,0.1,0.7,0.3,0.3,0.122
1628392,Isaiah Hartenstein,NBA,2024-25,Big,C-F,57,27.9,11.2,3.8,10.7,0.8,1.1,1.7,8.4,2.1,0.3,0.165
1630543,Isaiah Jackson,NBA,2024-25,Wing,F,5,16.8,7.0,1.0,5.6,0.6,1.6,1.0,4.6,2.8,0.0,0.164
1630198,Isaiah Joe,NBA,2024-25,Guard,G,74,21.7,10.2,1.6,2.6,0.6,0.1,0.5,7.9,0.8,6.3,0.166
1630600,Isaiah Mobley,NBA,2024-25,,,1,17.4,6.0,5.0,4.0,1.0,1.0,0.0,7.0,2.0,3.0,0.17
1641815,Isaiah Stevens,NBA,2024-25,Guard,G,3,1.8,0.0,0.0,0.7,0.3,0.0,0.0,0.7,0.0,0.3,0.143
1630191,Isaiah Stewart,NBA,2024-25,Big,F-C,72,19.9,6.0,1.7,5.5,0.4,1.4,0.9,4.4,1.2,0.7,0.121
1631209,Isaiah Wong,NBA,2024-25,,,20,13.3,6.0,1.4,1.6,0.6,0.0,0.9,5.3,1.7,1.7,0.22
1627826,Ivica Zubac,NBA,2024-25,Big,C,80,32.8,16.8,2.7,12.6,0.7,1.1,1.6,11.8,3.0,0.0,0.192
1631120,JD Davison,NBA,2024-25,Guard,G,16,5.8,2.1,0.8,0.8,0.3,0.1,0.8,2.1,0.4,1.1,0.228
1630550,JT Thor,NBA,2024-25,Wing,F,20,12.5,3.6,0.3,2.4,0.4,0.5,0.5,3.0,1.1,1.1,0.132
1629630,Ja Morant,NBA,2024-25,Guard,G,50,30.4,23.2,7.3,4.1,1.2,0.2,3.7,17.8,6.4,5.7,0.312
1642266,Ja'Kobe Walter,NBA,2024-25,Guard,G,52,21.2,8.6,1.6,3.1,0.8,0.2,1.0,7.6,1.6,3.6,0.179
1631095,Jabari Smith Jr.,NBA,2024-25,Wing,F,57,30.1,12.2,1.1,7.0,0.4,0.7,1.1,9.9,2.2,4.9,0.16
1631133,Jabari Walker,NBA,2024-25,Wing,F,60,12.5,5.2,0.6,3.5,0.6,0.1,0.6,3.8,1.2,1.2,0.156
1629098,Jack McVeigh,NBA,2024-25,Wing,G-F,9,4.8,1.6,0.1,0.6,0.0,0.2,0.2,1.9,0.0,1.4,0.176
1642050,Jackson Rowe,NBA,2024-25,Wing,F,6,8.6,3.7,0.7,1.8,0.7,0.0,0.2,2.8,1.0,1.7,0.142
1631210,Jacob Toppin,NBA,2024-25,Wing,F,17,4.4,1.4,0.4,0.9,0.1,0.0,0.2,1.3,0.0,0.6,0.14
1630702,Jaden Hardy,NBA,2024-25,Guard,G,57,15.9,8.7,1.4,1.6,0.5,0.1,1.4,7.3,1.5,3.5,0.244
1631093,Jaden Ivey,NBA,2024-25,Guard,G,30,29.9,17.6,4.0,4.1,0.9,0.4,3.0,13.8,3.9,5.1,0.256
1630183,Jaden McDaniels,NBA,2024-25,Wing,F,82,31.9,12.2,2.0,5.7,1.3,0.9,1.2,10.2,1.6,3.7,0.16
1630531,Jaden Springer,NBA,2024-25,Guard,G,43,8.5,2.5,0.8,1.3,0.6,0.1,0.4,2.1,0.9,1.1,0.139
203109,Jae Crowder,NBA,2024-25,Wing,F,9,11.4,2.6,0.7,2.2,0.3,0.0,0.4,2.4,0.7,1.7,0.113
1630256,Jae'Sean Tate,NBA,2024-25,Wing,F,52,11.3,3.6,0.9,2.3,0.5,0.1,0.4,2.8,0.9,0.9,0.126
1626143,Jahlil Okafor,NBA,2024-25,,,1,3.4,0.0,1.0,1.0,0.0,0.0,0.0,0.0,0.0,0.0,0.0
1642443,Jahmir Young,NBA,2024-25,Guard,G,6,4.9,1.8,1.0,0.5,0.0,0.0,0.2,0.8,0.3,0.3,0.092
1631170,Jaime Jaquez Jr.,NBA,2024-25,Guard,G,66,20.7,8.6,2.5,4.4,0.9,0.2,1.5,7.0,2.2,1.8,0.194
1631222,Jake LaRavia,NBA,2024-25,Wing,F,66,20.4,6.9,2.4,3.9,0.9,0.3,1.3,5.1,1.7,2.2,0.14
1627751,Jakob Poeltl,NBA,2024-25,Big,C,57,29.6,14.5,2.8,9.6,1.2,1.2,1.9,10.2,2.5,0.1,0.184
1641779,Jalen Bridges,NBA,2024-25,Wing,F,8,3.8,1.1,0.0,0.5,0.0,0.0,0.5,0.9,0.5,0.9,0.197
1628973,Jalen Brunson,NBA,2024-25,Guard,G,65,35.4,26.0,7.3,2.9,0.9,0.1,2.5,18.5,6.9,6.1,0.289
1631105,Jalen Duren,NBA,2024-25,Big,C,78,26.1,11.8,2.7,10.3,0.7,1.1,1.7,7.0,3.1,0.0,0.161
1630224,Jalen Green,NBA,2024-25,Guard,G,82,32.9,21.0,3.4,4.6,0.9,0.3,2.5,17.5,4.1,8.1,0.267
1641720,Jalen Hood-Schifino,NBA,2024-25,Guard,G,15,21.0,7.1,2.5,1.8,0.3,0.5,1.2,6.5,1.4,3.1,0.164
1630552,Jalen Johnson,NBA,2024-25,Wing,F,36,35.7,18.9,5.0,10.0,1.6,1.0,2.9,15.1,3.5,3.9,0.214
1629667,Jalen McDaniels,NBA,2024-25,,,4,1.8,0.0,0.3,0.0,0.3,0.0,0.0,0.0,0.0,0.0,0.0
1629618,Jalen Pickett,NBA,2024-25,Guard,G,49,13.6,4.1,2.2,1.4,0.4,0.1,0.5,3.7,0.2,2.1,0.13
1630188,Jalen Smith,NBA,2024-25,Big,F-C,64,15.0,8.2,1.0,5.6,0.3,0.7,0.6,6.4,1.4,3.5,0.201
1630591,Jalen Suggs,NBA,2024-25,Guard,G,35,28.6,16.2,3.7,4.0,1.5,0.9,2.9,13.7,3.1,6.9,0.268
1631114,Jalen Williams,NBA,2024-25,Wing,G-F,69,32.4,21.6,5.1,5.3,1.6,0.7,2.2,16.9,4.3,4.9,0.27
1630592,Jalen Wilson,NBA,2024-25,Wing,F,79,25.7,9.5,1.8,3.4,0.5,0.1,1.0,7.8,2.1,4.6,0.161
1631288,Jamal Cain,NBA,2024-25,Wing,F,37,13.6,5.3,0.6,2.3,0.6,0.2,0.6,4.3,1.4,2.2,0.167
1627750,Jamal Murray,NBA,2024-25,Guard,G,67,36.1,21.4,6.0,3.9,1.4,0.5,2.1,16.7,3.7,5.9,0.235
1642347,Jamal Shead,NBA,2024-25,Guard,G,75,19.6,7.1,4.2,1.5,0.8,0.1,1.6,6.7,0.9,3.0,0.179
1631123,Jamaree Bouyea,NBA,2024-25,Guard,G,5,12.3,3.4,2.0,1.0,0.8,0.4,1.6,2.4,1.2,1.0,0.163
201935,James Harden,NBA,2024-25,Guard,G,79,35.3,22.8,8.7,5.8,1.5,0.7,4.3,16.4,7.3,8.5,0.286
201949,James Johnson,NBA,2024-25,Wing,F,12,3.1,0.7,0.3,0.5,0.0,0.2,0.3,0.9,0.1,0.3,0.165
1630164,James Wiseman,NBA,2024-25,,,1,4.6,6.0,0.0,1.0,0.0,0.0,0.0,4.0,2.0,1.0,0.455
1642419,Jamison Battle,NBA,2024-25,Wing,F,59,17.7,7.1,0.9,2.7,0.3,0.2,0.5,5.9,0.3,4.4,0.147
1641716,Jarace Walker,NBA,2024-25,Wing,F,75,15.8,6.1,1.5,3.1,0.7,0.3,1.0,4.8,0.9,2.5,0.165
1630215,Jared Butler,NBA,2024-25,Guard,G,60,17.4,9.0,3.7,1.8,0.7,0.2,1.3,7.6,1.5,2.8,0.222
1642272,Jared McCain,NBA,2024-25,Guard,G,23,25.7,15.3,2.6,2.4,0.7,0.0,1.6,11.9,2.4,5.8,0.243
1631197,Jared Rhoden,NBA,2024-25,Guard,G,14,16.2,8.4,1.1,3.0,0.7,0.1,0.6,6.2,1.8,2.8,0.183
1628991,Jaren Jackson Jr.,NBA,2024-25,Big,F-C,74,29.8,22.2,2.0,5.6,1.2,1.5,2.1,16.4,5.4,5.3,0.274
1629020,Jarred Vanderbilt,NBA,2024-25,Wing,F,36,16.1,4.1,1.1,5.1,1.0,0.3,0.8,3.4,1.0,0.9,0.116
1628386,Jarrett Allen,NBA,2024-25,Big,C,82,28.0,13.5,1.9,9.7,0.9,0.9,1.2,7.8,3.4,0.1,0.156
1629750,Javonte Green,NBA,2024-25,Guard,G,68,18.5,5.1,0.8,3.2,1.0,0.5,0.5,4.2,1.1,2.1,0.113
1629637,Jaxson Hayes,NBA,2024-25,Big,C-F,56,19.5,6.8,1.0,4.8,0.6,0.9,0.8,4.0,1.8,0.1,0.12
1630643,Jay Huff,NBA,2024-25,Big,C,64,11.7,6.9,0.6,2.0,0.3,0.9,0.5,4.8,0.9,3.1,0.194
1627759,Jaylen Brown,NBA,2024-25,Wing,G-F,63,34.3,22.2,4.5,5.8,1.2,0.3,2.6,17.7,5.1,5.7,0.282
1641740,Jaylen Clark,NBA,2024-25,Guard,G,40,13.0,4.1,0.7,1.3,0.9,0.1,0.2,3.0,0.9,1.3,0.115
1641798,Jaylen Martin,NBA,2024-25,Guard,G,16,14.9,4.9,1.1,2.8,0.6,0.0,0.8,4.6,0.6,1.4,0.155
1629669,Jaylen Nowell,NBA,2024-25,,,8,21.0,8.4,2.3,2.5,0.1,0.5,1.0,9.1,1.4,3.4,0.215
1631301,Jaylen Sims,NBA,2024-25,,,6,18.6,7.0,2.0,1.0,0.5,0.2,1.3,4.7,2.5,2.5,0.159
1642377,Jaylen Wells,NBA,2024-25,Wing,F,79,25.9,10.4,1.7,3.4,0.6,0.1,0.9,8.6,1.7,5.0,0.156
1631119,Jaylin Williams,NBA,2024-25,Wing,F,47,16.7,5.9,2.6,5.6,0.5,0.6,0.7,4.7,0.6,3.3,0.141
1642281,Jaylon Tyson,NBA,2024-25,Wing,G-F,47,9.6,3.6,0.9,2.0,0.3,0.1,0.6,3.2,0.5,1.2,0.164
1628369,Jayson Tatum,NBA,2024-25,Wing,F-G,72,36.4,26.8,6.0,8.7,1.1,0.5,2.9,20.3,6.1,10.1,0.301
1641789,Jazian Gortman,NBA,2024-25,,,16,3.5,1.5,0.4,0.3,0.1,0.1,0.3,1.4,0.3,0.7,0.195
1630288,Jeff Dowtin Jr.,NBA,2024-25,Guard,G,41,15.1,7.0,1.9,1.5,0.6,0.3,0.4,5.6,1.1,1.7,0.176
201145,Jeff Green,NBA,2024-25,Wing,F,32,12.4,5.4,0.6,1.8,0.2,0.1,0.3,3.8,0.8,2.5,0.144
203924,Jerami Grant,NBA,2024-25,Wing,F,47,32.4,14.4,2.1,3.5,0.9,1.0,1.4,12.2,3.5,6.3,0.192
1630526,Jeremiah Robinson-Earl,NBA,2024-25,Wing,F,66,18.8,6.3,1.3,4.8,0.6,0.1,0.8,5.3,0.8,2.5,0.14
1631110,Jeremy Sochan,NBA,2024-25,Wing,F,54,25.3,11.4,2.4,6.5,0.8,0.5,1.6,8.7,2.3,1.7,0.184
1630579,Jericho Sims,NBA,2024-25,Big,C,53,11.9,1.8,0.6,3.7,0.2,0.4,0.6,1.3,0.2,0.0,0.074
1642399,Jesse Edwards,NBA,2024-25,Big,C,2,2.3,0.0,0.5,0.0,0.0,0.0,0.0,0.0,0.0,0.0,0.0
1641724,Jett Howard,NBA,2024-25,Guard,G,60,11.7,4.5,0.7,1.2,0.2,0.2,0.6,4.4,0.4,3.1,0.181
1628975,Jevon Carter,NBA,2024-25,Guard,G,36,8.9,4.3,1.1,1.1,0.4,0.1,0.3,4.1,0.3,2.9,0.2
202710,Jimmy Butler III,NBA,2024-25,Wing,F,55,31.7,17.5,5.4,5.4,1.4,0.3,1.3,10.9,7.1,1.9,0.203
1629111,Jock Landale,NBA,2024-25,Big,C,42,11.9,4.8,0.9,3.3,0.3,0.2,0.5,3.6,1.0,0.6,0.148
204060,Joe Ingles,NBA,2024-25,Wing,F-G,19,6.0,0.8,1.2,0.6,0.1,0.0,0.5,1.2,0.0,0.8,0.113
203954,Joel Embiid,NBA,2024-25,Big,C-F,19,30.2,23.8,4.5,8.2,0.7,0.9,3.3,16.6,8.9,4.1,0.342
1628381,John Collins,NBA,2024-25,Big,F-C,40,30.5,19.0,2.0,8.2,1.0,1.0,2.6,13.3,4.1,3.7,0.234
1629723,John Konchar,NBA,2024-25,Guard,G,46,12.1,2.4,0.9,3.3,0.7,0.3,0.3,2.0,0.2,1.3,0.077
1631098,Johnny Davis,NBA,2024-25,,,34,7.1,2.4,0.3,1.1,0.4,0.2,0.2,2.3,0.4,0.9,0.15
1642277,Johnny Furphy,NBA,2024-25,Guard,G,50,7.6,2.1,0.4,1.4,0.4,0.2,0.2,1.8,0.4,1.0,0.118
1630548,Johnny Juzang,NBA,2024-25,Guard,G,64,19.8,8.9,1.1,2.9,0.6,0.1,0.6,7.4,0.8,4.9,0.174
202685,Jonas Valanciunas,NBA,2024-25,Big,C,81,18.8,10.4,2.0,7.7,0.5,0.6,1.5,7.7,2.0,0.5,0.222
1628371,Jonathan Isaac,NBA,2024-25,Wing,F,71,15.4,5.4,0.6,4.4,0.9,1.1,0.5,4.6,1.5,2.1,0.155
1630228,Jonathan Kuminga,NBA,2024-25,Wing,F,47,24.3,15.3,2.2,4.6,0.8,0.4,1.5,12.1,5.0,3.2,0.271
1642367,Jonathan Mogbo,NBA,2024-25,Wing,F,63,20.4,6.2,2.3,4.9,0.9,0.5,1.1,5.7,1.3,1.1,0.145
203903,Jordan Clarkson,NBA,2024-25,Guard,G,37,26.0,16.2,3.7,3.2,0.8,0.2,2.3,13.3,3.9,6.3,0.269
1630692,Jordan Goodwin,NBA,2024-25,Guard,G,29,18.7,5.6,1.4,3.9,1.0,0.4,0.9,5.0,0.4,2.3,0.134
1641722,Jordan Hawkins,NBA,2024-25,Guard,G,56,23.6,10.8,1.2,2.8,0.5,0.4,1.0,9.9,1.8,5.9,0.204
1629162,Jordan McLaughlin,NBA,2024-25,Guard,G,46,6.8,2.1,1.1,0.7,0.3,0.0,0.3,1.6,0.5,1.0,0.134
1641757,Jordan Miller,NBA,2024-25,Guard,G,37,11.4,4.1,0.9,1.6,0.5,0.1,0.7,3.6,0.9,1.0,0.175
1629673,Jordan Poole,NBA,2024-25,Guard,G,68,29.4,20.5,4.5,3.0,1.3,0.4,3.0,15.5,4.0,9.1,0.281
1641775,Jordan Walsh,NBA,2024-25,Guard,G,52,7.8,1.6,0.4,1.3,0.2,0.2,0.3,1.6,0.2,1.1,0.11
1630631,Jose Alvarado,NBA,2024-25,Guard,G,56,24.4,10.3,4.6,2.4,1.3,0.3,1.5,9.3,1.3,5.5,0.193
1630528,Josh Christopher,NBA,2024-25,Guard,G,14,5.0,2.0,0.6,0.6,0.4,0.2,0.4,2.2,0.4,0.8,0.235
1630581,Josh Giddey,NBA,2024-25,Guard,G,70,30.2,14.6,7.2,8.1,1.2,0.6,2.9,11.4,3.2,4.0,0.214
1630182,Josh Green,NBA,2024-25,Guard,G,68,27.8,7.4,1.6,2.5,1.1,0.2,1.0,6.2,1.1,3.6,0.115
1628404,Josh Hart,NBA,2024-25,Guard,G,77,37.6,13.6,5.9,9.6,1.5,0.4,2.1,10.0,2.7,3.3,0.151
1631169,Josh Minott,NBA,2024-25,Wing,F,46,6.0,2.6,0.4,1.0,0.3,0.3,0.2,2.0,0.4,0.9,0.16
1629006,Josh Okogie,NBA,2024-25,Guard,G,40,15.6,7.1,0.8,2.8,1.2,0.5,0.8,5.3,2.1,2.3,0.185
1626196,Josh Richardson,NBA,2024-25,,,8,18.7,4.0,1.5,1.5,1.0,0.1,1.0,4.8,0.5,2.8,0.134
201950,Jrue Holiday,NBA,2024-25,Guard,G,62,30.6,11.1,3.9,4.3,1.1,0.4,1.2,9.2,1.2,4.9,0.156
1630577,Julian Champagnie,NBA,2024-25,Wing,F,82,23.6,9.9,1.4,3.9,0.7,0.4,0.9,8.1,1.1,5.9,0.164
1641763,Julian Phillips,NBA,2024-25,Wing,F,79,14.2,4.6,0.5,2.1,0.5,0.3,0.3,3.6,1.0,1.9,0.126
1631124,Julian Strawther,NBA,2024-25,Guard,G,65,21.3,9.0,1.3,2.2,0.6,0.2,0.9,7.5,1.4,4.1,0.173
203944,Julius Randle,NBA,2024-25,Big,F-C,69,32.3,18.7,4.7,7.1,0.7,0.2,2.8,13.6,4.9,4.6,0.246
1630551,Justin Champagnie,NBA,2024-25,Wing,G-F,62,21.6,8.8,1.0,5.7,1.0,0.6,0.9,6.6,1.2,3.1,0.15
1642348,Justin Edwards,NBA,2024-25,Wing,F,44,26.2,10.1,1.6,3.4,1.0,0.4,1.1,8.6,1.0,4.3,0.165
1631303,Justin Minaya,NBA,2024-25,Wing,F,19,5.3,0.9,0.4,0.5,0.3,0.1,0.3,1.1,0.1,0.5,0.107
203994,Jusuf Nurkić,NBA,2024-25,Big,C,51,20.8,8.9,2.3,7.8,0.8,0.7,1.9,6.9,2.5,2.1,0.202
1630231,KJ Martin,NBA,2024-25,Wing,F,43,21.2,6.4,1.1,2.9,0.4,0.5,0.6,4.7,1.1,1.3,0.112
1642354,KJ Simpson,NBA,2024-25,Guard,G,36,23.4,7.8,3.1,3.0,0.9,0.2,1.6,8.4,1.4,3.6,0.188
1630539,Kai Jones,NBA,2024-25,Big,C-F,40,11.7,5.0,0.6,3.1,0.4,0.6,0.5,2.7,0.8,0.1,0.128
1626157,Karl-Anthony Towns,NBA,2024-25,Big,C-F,72,35.0,24.4,3.1,12.8,1.0,0.7,2.7,16.9,5.7,4.7,0.265
1631255,Karlo Matković,NBA,2024-25,Big,F-C,42,18.8,7.7,1.1,5.0,0.5,1.0,1.0,5.6,1.0,1.6,0.155
202695,Kawhi Leonard,NBA,2024-25,Wing,F,37,31.9,21.5,3.1,5.9,1.6,0.5,1.9,16.8,3.3,5.1,0.28
1630811,Keaton Wallace,NBA,2024-25,Guard,G,31,16.2,5.4,2.6,1.6,0.9,0.3,1.1,5.2,0.4,2.6,0.164
1631099,Keegan Murray,NBA,2024-25,Wing,F,76,34.3,12.4,1.4,6.7,0.8,0.9,0.8,10.8,0.9,5.9,0.148
1631232,Keion Brooks Jr.,NBA,2024-25,Wing,F,14,23.7,10.1,0.9,4.1,0.7,0.7,0.9,7.8,2.1,3.1,0.169
1642276,Kel'el Ware,NBA,2024-25,Big,C,64,22.2,9.3,0.9,7.4,0.6,1.1,0.9,7.3,1.0,1.7,0.169
1629640,Keldon Johnson,NBA,2024-25,Wing,F-G,77,23.9,12.7,1.6,4.8,0.6,0.3,1.0,10.0,2.5,3.6,0.207
203482,Kelly Olynyk,NBA,2024-25,Big,F-C,44,20.2,8.7,2.9,4.7,0.8,0.4,1.7,6.1,2.5,1.8,0.185
1626162,Kelly Oubre Jr.,NBA,2024-25,Wing,F-G,60,34.6,15.1,1.8,6.1,1.5,0.5,1.3,12.4,3.1,4.0,0.186
1629026,Kenrich Williams,NBA,2024-25,Wing,G-F,69,16.4,6.3,1.4,3.5,0.6,0.1,0.6,5.1,0.6,2.5,0.151
203484,Kentavious Caldwell-Pope,NBA,2024-25,Guard,G,77,29.6,8.7,1.8,2.2,1.3,0.4,0.8,7.1,1.2,4.3,0.121
1631165,Keon Ellis,NBA,2024-25,Guard,G,80,24.4,8.3,1.5,2.7,1.5,0.8,0.9,5.8,1.1,4.0,0.125
1630553,Keon Johnson,NBA,2024-25,Guard,G,79,24.4,10.6,2.2,3.8,1.0,0.4,1.5,9.9,1.8,5.1,0.212
1642352,Keshad Johnson,NBA,2024-25,Wing,F,16,6.1,2.7,0.3,1.8,0.3,0.3,0.3,1.6,0.6,0.4,0.145
1630556,Kessler Edwards,NBA,2024-25,Wing,F,40,15.2,4.2,1.1,2.9,0.5,0.5,0.4,3.4,0.3,1.4,0.11
201142,Kevin Durant,NBA,2024-25,Wing,F,62,36.5,26.6,4.2,6.0,0.8,1.2,3.1,18.1,5.8,6.0,0.283
1628989,Kevin Huerter,NBA,2024-25,Wing,G-F,69,24.3,9.9,2.3,3.0,1.0,0.3,1.0,8.8,0.7,5.7,0.171
1628995,Kevin Knox II,NBA,2024-25,Wing,F,14,6.0,3.3,0.4,1.2,0.1,0.3,0.3,2.6,0.6,1.1,0.202
201567,Kevin Love,NBA,2024-25,Big,F-C,23,10.9,5.3,1.0,4.1,0.7,0.2,0.6,5.0,1.0,2.9,0.23
1641755,Kevin McCullar Jr.,NBA,2024-25,Guard,G,4,7.3,1.5,0.5,2.0,0.3,0.3,0.0,1.8,0.5,0.3,0.118
1629645,Kevin Porter Jr.,NBA,2024-25,Wing,G-F,75,19.8,10.3,3.4,3.7,1.1,0.2,1.8,8.7,2.3,2.4,0.248
1626172,Kevon Looney,NBA,2024-25,Wing,F,76,15.0,4.5,1.6,6.1,0.6,0.5,0.5,3.7,1.3,0.1,0.125
1641718,Keyonte George,NBA,2024-25,Guard,G,67,31.5,16.8,5.6,3.8,0.7,0.1,2.7,13.7,4.3,7.6,0.237
203114,Khris Middleton,NBA,2024-25,Wing,F,37,22.8,11.9,4.1,3.7,0.9,0.2,1.5,9.1,2.3,3.6,0.208
1630165,Killian Hayes,NBA,2024-25,,,6,27.1,9.0,5.2,3.0,0.7,0.7,1.5,7.2,2.0,3.5,0.145
202691,Klay Thompson,NBA,2024-25,Guard,G,72,27.3,14.0,2.0,3.4,0.7,0.4,1.2,12.2,1.0,7.7,0.214
1641738,Kobe Brown,NBA,2024-25,Wing,F,40,6.8,1.9,0.6,1.6,0.2,0.1,0.3,1.8,0.2,0.7,0.134
1641723,Kobe Bufkin,NBA,2024-25,Guard,G,10,12.4,5.3,1.7,2.1,0.3,0.2,0.8,4.7,1.8,1.9,0.203
1627739,Kris Dunn,NBA,2024-25,Guard,G,74,24.1,6.4,2.8,3.4,1.7,0.4,1.0,5.9,0.3,3.0,0.126
1631200,Kris Murray,NBA,2024-25,Wing,F,69,15.1,4.2,1.0,2.6,0.5,0.2,0.6,4.0,0.8,1.7,0.133
204001,Kristaps Porziņģis,NBA,2024-25,Big,F-C,42,28.8,19.5,2.1,6.8,0.7,1.5,1.3,13.7,4.7,6.0,0.253
203937,Kyle Anderson,NBA,2024-25,Wing,F-G,61,16.4,5.9,2.4,3.4,0.7,0.5,0.6,5.0,1.1,1.1,0.152
1642271,Kyle Filipowski,NBA,2024-25,Big,C,72,21.1,9.6,1.9,6.1,0.7,0.3,1.4,7.2,2.0,3.1,0.184
1628398,Kyle Kuzma,NBA,2024-25,Wing,F,65,29.8,14.8,2.3,5.7,0.6,0.3,2.2,13.0,3.1,4.8,0.233
200768,Kyle Lowry,NBA,2024-25,Guard,G,35,18.8,3.9,2.7,1.9,0.9,0.3,0.6,3.3,0.9,2.5,0.1
1630283,Kylor Kelley,NBA,2024-25,,,11,11.5,3.1,0.5,3.5,0.1,0.3,0.4,2.0,0.9,0.0,0.097
202681,Kyrie Irving,NBA,2024-25,Guard,G,50,36.1,24.7,4.6,4.8,1.3,0.5,2.2,18.9,4.3,7.2,0.264
1642273,Kyshawn George,NBA,2024-25,Wing,F,68,26.5,8.7,2.5,4.2,1.0,0.7,1.4,8.0,1.4,5.2,0.156
1630163,LaMelo Ball,NBA,2024-25,Guard,G,47,32.0,25.2,7.4,4.9,1.1,0.3,3.6,21.3,4.9,11.2,0.342
1630205,Lamar Stevens,NBA,2024-25,Wing,F,17,9.1,4.4,0.5,2.2,0.3,0.2,0.6,3.7,0.6,1.6,0.21
1629013,Landry Shamet,NBA,2024-25,Guard,G,50,15.2,5.7,0.5,1.2,0.5,0.0,0.4,4.6,0.4,3.1,0.143
1626204,Larry Nance Jr.,NBA,2024-25,Big,F-C,24,19.3,8.5,1.6,4.3,0.8,0.5,0.7,6.5,0.5,3.2,0.155
1628374,Lauri Markkanen,NBA,2024-25,Big,F-C,47,31.4,19.0,1.5,5.9,0.7,0.4,1.4,14.9,3.9,8.5,0.231
2544,LeBron James,NBA,2024-25,Wing,F,70,34.9,24.4,8.2,7.8,1.0,0.6,3.7,18.1,4.7,5.7,0.291
1631159,Leonard Miller,NBA,2024-25,Wing,F,13,2.4,1.5,0.0,0.8,0.2,0.1,0.2,1.2,0.6,0.4,0.239
1631311,Lester Quiñones,NBA,2024-25,Guard,G,13,14.1,6.6,1.8,1.5,0.2,0.2,1.1,6.0,1.0,3.4,0.213
1641857,Liam Robbins,NBA,2024-25,,,13,4.4,0.7,0.2,0.9,0.2,0.2,0.5,0.6,0.8,0.2,0.128
1630322,Lindy Waters III,NBA,2024-25,Wing,F,52,15.0,4.9,1.0,2.1,0.5,0.2,0.4,4.8,0.2,3.6,0.145
1629022,Lonnie Walker IV,NBA,2024-25,Wing,G-F,20,23.8,12.4,2.5,3.2,0.5,0.3,1.3,10.6,1.5,6.4,0.214
1628366,Lonzo Ball,NBA,2024-25,Guard,G,35,22.2,7.6,3.3,3.4,1.3,0.5,1.2,6.9,0.8,5.6,0.152
1629652,Luguentz Dort,NBA,2024-25,Guard,G,71,29.2,10.1,1.6,4.1,1.1,0.5,0.7,8.4,0.6,5.8,0.133
1629029,Luka Dončić,NBA,2024-25,Wing,F-G,50,35.4,28.2,7.7,8.2,1.8,0.4,3.6,20.5,7.9,9.6,0.328
1630568,Luka Garza,NBA,2024-25,Big,C,39,5.6,3.5,0.3,1.4,0.2,0.1,0.3,2.7,0.9,0.9,0.241
1628379,Luke Kennard,NBA,2024-25,Guard,G,65,22.6,8.9,3.3,2.8,0.8,0.1,1.1,6.6,0.9,4.0,0.14
1628436,Luke Kornet,NBA,2024-25,Big,C-F,73,18.6,6.0,1.6,5.3,0.5,1.0,0.4,3.8,1.3,0.0,0.111
1631247,Luke Travers,NBA,2024-25,Wing,F,12,7.3,1.0,0.7,1.7,0.1,0.1,0.7,1.7,0.2,0.8,0.132
1630644,Mac McClung,NBA,2024-25,Guard,G,2,5.1,0.0,1.5,0.5,0.0,0.0,0.0,1.0,0.0,0.5,0.087
1630201,Malachi Flynn,NBA,2024-25,,,4,10.9,4.0,1.8,1.8,0.8,0.0,1.0,3.3,1.5,1.0,0.196
1631103,Malaki Branham,NBA,2024-25,Wing,F,47,9.1,5.0,0.8,1.1,0.2,0.0,0.7,4.0,0.7,1.8,0.233
1627763,Malcolm Brogdon,NBA,2024-25,Guard,G,24,23.5,12.7,4.1,3.8,0.5,0.2,1.6,10.0,3.8,2.3,0.231
1642502,Malevy Leons,NBA,2024-25,,,6,3.5,0.3,0.2,0.5,0.0,0.0,0.2,0.3,0.7,0.2,0.102
1627736,Malik Beasley,NBA,2024-25,Guard,G,82,27.8,16.3,1.7,2.6,0.9,0.1,1.0,13.1,1.7,9.3,0.215
1628370,Malik Monk,NBA,2024-25,Guard,G,65,31.6,17.2,5.6,3.8,0.9,0.6,2.4,14.4,2.7,6.6,0.236
1630699,MarJon Beauchamp,NBA,2024-25,Wing,F,35,4.5,2.3,0.3,1.3,0.1,0.0,0.4,1.9,0.6,0.8,0.222
1630542,Marcus Bagley,NBA,2024-25,,,10,25.3,6.7,1.0,7.0,0.9,1.2,0.7,6.9,1.0,3.2,0.128
1630585,Marcus Garrett,NBA,2024-25,,,4,19.8,7.0,3.3,1.5,0.8,0.5,1.5,6.8,1.0,2.0,0.193
1631204,Marcus Sasser,NBA,2024-25,Guard,G,57,14.2,6.6,2.3,1.2,0.6,0.1,0.9,5.2,0.9,2.7,0.187
203935,Marcus Smart,NBA,2024-25,Guard,G,34,20.0,9.0,3.2,2.1,1.1,0.3,1.6,7.6,2.1,4.1,0.198
1631109,Mark Williams,NBA,2024-25,Big,C,44,26.6,15.3,2.5,10.2,0.7,1.2,1.6,10.2,3.7,0.1,0.21
1628365,Markelle Fultz,NBA,2024-25,Guard,G,21,8.8,2.9,1.3,1.0,0.5,0.1,0.7,3.2,0.0,0.4,0.196
202693,Markieff Morris,NBA,2024-25,Wing,F,15,11.0,3.7,1.4,1.5,0.1,0.2,0.3,4.7,0.4,2.4,0.202
1628963,Marvin Bagley III,NBA,2024-25,Wing,F,31,8.6,4.4,0.4,2.7,0.3,0.3,0.4,3.4,1.1,0.6,0.2
1630222,Mason Jones,NBA,2024-25,Guard,G,10,4.5,2.3,1.1,0.9,0.0,0.1,0.1,1.8,0.5,0.8,0.193
203486,Mason Plumlee,NBA,2024-25,Big,F-C,74,17.6,4.5,1.8,6.1,0.4,0.6,0.8,2.7,1.7,0.1,0.105
1641824,Matas Buzelis,NBA,2024-25,Wing,F,80,18.9,8.6,1.0,3.5,0.4,0.9,0.9,6.9,1.4,3.3,0.181
1629680,Matisse Thybulle,NBA,2024-25,Wing,G-F,15,20.8,7.5,1.9,3.5,2.2,0.6,0.9,5.9,1.0,3.2,0.135
1630346,Matt Ryan,NBA,2024-25,,,19,3.6,1.5,0.2,0.4,0.1,0.0,0.2,1.6,0.1,1.0,0.208
1631108,Max Christie,NBA,2024-25,Guard,G,78,27.3,9.6,1.9,3.3,0.8,0.4,1.1,7.6,1.9,4.0,0.15
1629622,Max Strus,NBA,2024-25,Wing,G-F,50,25.5,9.4,3.2,4.3,0.5,0.2,1.1,7.5,0.7,5.9,0.143
1628467,Maxi Kleber,NBA,2024-25,Wing,F,34,18.7,3.0,1.3,2.8,0.3,0.5,0.7,2.8,0.6,1.4,0.085
1641721,Maxwell Lewis,NBA,2024-25,Wing,F,28,11.7,4.1,0.7,2.0,0.3,0.3,0.5,3.9,0.4,1.8,0.164
1630695,Micah Potter,NBA,2024-25,Big,C,38,18.6,4.3,0.8,4.3,0.4,0.4,0.8,3.6,0.5,2.6,0.102
1629008,Michael Porter Jr.,NBA,2024-25,Wing,F,77,33.7,18.2,2.1,7.0,0.6,0.5,1.4,13.6,2.5,6.4,0.197
1628969,Mikal Bridges,NBA,2024-25,Wing,G-F,82,37.0,17.6,3.7,3.2,0.9,0.5,1.6,14.4,1.4,5.6,0.192
201144,Mike Conley,NBA,2024-25,Guard,G,71,24.7,8.2,4.5,2.6,1.1,0.2,1.1,6.6,1.3,4.4,0.141
1628970,Miles Bridges,NBA,2024-25,Wing,F,64,31.7,20.3,3.9,7.5,0.7,0.7,2.1,17.0,4.0,7.0,0.273
1630540,Miles McBride,NBA,2024-25,Guard,G,64,24.9,9.5,2.9,2.5,1.0,0.3,0.6,8.5,1.0,4.9,0.162
1641936,Miles Norris,NBA,2024-25,Wing,F,3,11.6,2.3,0.0,3.0,0.7,0.3,0.0,3.0,0.7,2.3,0.127
1629011,Mitchell Robinson,NBA,2024-25,Big,C-F,17,17.1,5.1,0.8,5.9,0.9,1.1,0.6,3.3,1.1,0.0,0.109
1628964,Mo Bamba,NBA,2024-25,,,32,12.9,4.3,0.6,4.5,0.3,1.0,0.6,3.5,0.8,1.7,0.15
1628420,Monte Morris,NBA,2024-25,Guard,G,45,12.7,5.2,1.6,1.5,0.4,0.1,0.5,4.3,0.9,1.9,0.173
1629021,Moritz Wagner,NBA,2024-25,Big,F-C,30,18.8,12.9,1.4,4.9,0.8,0.4,1.6,8.3,3.7,2.5,0.254
1629650,Moses Brown,NBA,2024-25,,,13,9.1,5.8,0.2,3.4,0.5,0.3,0.8,3.8,0.8,0.0,0.216
1630541,Moses Moody,NBA,2024-25,Guard,G,74,22.3,9.8,1.3,2.6,0.8,0.4,0.7,7.7,1.8,4.6,0.17
1631243,Mouhamed Gueye,NBA,2024-25,Wing,F,33,16.1,6.0,0.8,4.2,0.8,1.0,0.5,5.2,1.3,2.5,0.155
1631217,Moussa Diabaté,NBA,2024-25,Wing,F,71,17.5,5.7,0.8,6.2,0.6,0.6,0.9,3.9,1.6,0.1,0.13
1626167,Myles Turner,NBA,2024-25,Big,C-F,72,30.2,15.6,1.5,6.5,0.8,2.0,1.7,11.3,3.3,5.5,0.207
1642368,N'Faly Dante,NBA,2024-25,Big,C,4,12.7,6.0,0.5,5.3,0.3,1.3,0.5,3.3,1.3,0.0,0.133
1641772,Nae'Qwan Tomlin,NBA,2024-25,Wing,F,5,12.7,7.2,0.4,4.2,0.0,0.2,0.4,6.4,2.2,2.0,0.23
1630230,Naji Marshall,NBA,2024-25,Wing,F,69,27.8,13.2,3.0,4.8,1.0,0.2,1.6,10.3,2.3,3.2,0.197
1631466,Nate Williams,NBA,2024-25,Guard,G,20,7.3,3.3,0.5,0.7,0.4,0.2,0.7,3.1,0.4,1.3,0.212
1629675,Naz Reid,NBA,2024-25,Big,C-F,80,27.5,14.2,2.3,6.0,0.7,0.9,1.4,11.5,1.8,5.8,0.21
1629674,Neemias Queta,NBA,2024-25,Big,C,62,13.9,5.0,0.7,3.8,0.3,0.7,0.6,3.3,1.0,0.0,0.136
1629651,Nic Claxton,NBA,2024-25,Big,C,70,26.9,10.3,2.2,7.4,0.9,1.4,1.2,8.1,2.2,0.3,0.166
1630208,Nick Richards,NBA,2024-25,Big,C,57,22.0,9.3,0.9,8.2,0.2,1.0,1.4,6.1,2.8,0.0,0.169
1641733,Nick Smith Jr.,NBA,2024-25,Guard,G,60,22.8,9.9,2.4,2.1,0.3,0.1,1.4,9.5,0.8,5.1,0.205
1629638,Nickeil Alexander-Walker,NBA,2024-25,Guard,G,82,25.3,9.4,2.7,3.2,0.6,0.4,1.2,7.5,1.4,4.5,0.155
201587,Nicolas Batum,NBA,2024-25,Wing,G-F,78,17.5,4.0,1.1,2.8,0.7,0.5,0.4,3.1,0.3,2.6,0.087
203999,Nikola Jokić,NBA,2024-25,Big,C,70,36.7,29.6,10.2,12.7,1.8,0.6,3.3,19.5,6.4,4.7,0.285
1631107,Nikola Jović,NBA,2024-25,Wing,F,46,25.1,10.7,2.8,3.9,0.8,0.3,1.3,8.2,1.9,4.6,0.178
202696,Nikola Vučević,NBA,2024-25,Big,C,73,31.2,18.5,3.5,10.1,0.8,0.7,1.6,14.2,2.0,4.4,0.221
1641730,Noah Clowney,NBA,2024-25,Big,F-C,46,22.7,9.1,0.9,3.9,0.5,0.5,1.0,8.1,1.7,5.7,0.185
1626181,Norman Powell,NBA,2024-25,Guard,G,60,32.6,21.8,2.1,3.2,1.2,0.2,1.8,15.8,4.4,7.1,0.255
1628384,OG Anunoby,NBA,2024-25,Wing,F-G,74,36.6,18.0,2.2,4.8,1.5,0.9,1.4,13.9,3.1,6.2,0.195
1630167,Obi Toppin,NBA,2024-25,Wing,F,79,19.6,10.5,1.6,4.0,0.6,0.4,0.9,7.6,1.4,3.8,0.191
1630534,Ochai Agbaji,NBA,2024-25,Guard,G,64,27.2,10.4,1.5,3.8,0.9,0.5,0.8,8.3,0.8,4.0,0.144
1641765,Olivier-Maxence Prosper,NBA,2024-25,Wing,F,52,11.2,3.9,0.8,2.4,0.5,0.1,0.3,3.3,1.5,1.0,0.158
1630168,Onyeka Okongwu,NBA,2024-25,Big,F-C,74,27.9,13.4,2.3,8.9,0.9,0.9,1.2,9.2,2.9,2.0,0.169
1631115,Orlando Robinson,NBA,2024-25,,,44,17.5,6.9,1.8,5.0,0.4,0.4,1.1,5.9,1.6,1.2,0.177
1631131,Oscar Tshiebwe,NBA,2024-25,Big,F-C,14,18.2,7.6,0.6,8.7,0.9,0.1,0.7,5.0,2.2,0.0,0.144
1629052,Oshae Brissett,NBA,2024-25,,,6,23.7,8.7,0.7,3.7,0.7,0.5,1.3,6.5,2.3,3.0,0.154
1642345,Oso Ighodaro,NBA,2024-25,Wing,F,61,17.1,4.2,1.2,3.6,0.5,0.5,0.6,3.1,0.8,0.0,0.103
1631172,Ousmane Dieng,NBA,2024-25,Wing,F,37,10.9,3.8,0.8,2.2,0.5,0.2,0.5,3.4,0.4,1.9,0.152
200782,P.J. Tucker,NBA,2024-25,Wing,F,3,19.3,3.0,0.0,2.7,0.3,0.3,0.3,2.3,0.0,2.0,0.059
1629023,P.J. Washington,NBA,2024-25,Wing,F,57,32.2,14.7,2.3,7.8,1.1,1.1,2.1,11.7,3.5,4.2,0.198
1628408,PJ Dozier,NBA,2024-25,,,9,3.9,0.8,0.6,0.6,0.1,0.0,0.1,0.3,0.7,0.3,0.082
1641790,PJ Hall,NBA,2024-25,Big,C,19,3.5,1.7,0.2,1.2,0.0,0.2,0.1,1.3,0.2,0.4,0.176
1642359,Pacôme Dadiet,NBA,2024-25,Wing,F,18,6.2,1.7,0.3,1.0,0.2,0.1,0.2,1.7,0.3,1.1,0.142
1631094,Paolo Banchero,NBA,2024-25,Wing,F,46,34.4,25.9,4.8,7.5,0.8,0.6,3.0,19.8,8.4,5.9,0.33
1627783,Pascal Siakam,NBA,2024-25,Wing,F,78,32.7,20.2,3.4,6.9,0.9,0.5,1.4,15.2,3.9,4.2,0.237
1626192,Pat Connaughton,NBA,2024-25,Guard,G,41,14.7,5.3,1.7,2.7,0.2,0.3,0.6,4.3,0.8,2.0,0.151
1630311,Pat Spencer,NBA,2024-25,Guard,G,39,6.4,2.5,1.2,1.2,0.4,0.1,0.5,2.6,0.4,0.6,0.204
1631116,Patrick Baldwin Jr.,NBA,2024-25,Wing,F,24,4.4,2.2,0.1,1.0,0.1,0.1,0.2,1.5,0.2,1.0,0.151
1630172,Patrick Williams,NBA,2024-25,Wing,F,63,25.0,9.0,2.0,3.8,0.8,0.5,1.4,8.2,1.3,4.3,0.165
201988,Patty Mills,NBA,2024-25,Guard,G,29,11.1,3.8,0.9,0.8,0.4,0.1,0.6,3.3,0.5,2.6,0.15
202331,Paul George,NBA,2024-25,Wing,F,41,32.5,16.2,4.3,5.3,1.8,0.5,2.6,13.9,2.4,6.5,0.233
1630194,Paul Reed,NBA,2024-25,Wing,F,45,9.7,4.1,1.0,2.7,0.9,0.6,0.6,3.2,0.9,0.6,0.179
1630202,Payton Pritchard,NBA,2024-25,Guard,G,80,28.4,14.3,3.5,3.8,0.9,0.2,1.0,10.8,1.1,7.8,0.186
1641796,Pelle Larsson,NBA,2024-25,Guard,G,55,14.2,4.6,1.2,1.7,0.6,0.1,0.4,3.7,1.1,1.7,0.141
1631250,Pete Nance,NBA,2024-25,Wing,F,13,10.6,2.9,0.8,1.6,0.2,0.2,0.3,2.5,0.2,1.8,0.116
1631212,Peyton Watson,NBA,2024-25,Guard,G,68,24.3,8.1,1.4,3.4,0.7,1.4,0.8,6.3,2.0,2.0,0.138
1630762,Phillip Wheeler,NBA,2024-25,,,5,8.9,1.6,0.4,1.6,0.2,0.4,0.2,4.2,0.4,2.0,0.221
1630173,Precious Achiuwa,NBA,2024-25,Wing,F,57,20.5,6.6,1.0,5.6,0.8,0.7,0.8,5.7,1.2,0.6,0.143
1629656,Quentin Grimes,NBA,2024-25,Guard,G,75,26.8,14.6,3.0,4.3,1.0,0.3,1.9,11.0,2.9,5.6,0.218
1631245,Quenton Jackson,NBA,2024-25,Guard,G,28,13.6,5.8,1.9,1.6,0.8,0.2,0.6,4.4,1.4,1.4,0.167
1642439,Quincy Olivari,NBA,2024-25,,,2,5.2,1.5,0.5,0.0,0.0,0.0,0.5,2.5,0.0,2.5,0.231
1642366,Quinten Post,NBA,2024-25,Big,C,42,16.3,8.1,1.3,3.5,0.4,0.4,0.8,6.5,0.6,4.3,0.197
1629628,RJ Barrett,NBA,2024-25,Wing,F-G,58,32.2,21.1,5.4,6.3,0.8,0.3,2.9,16.9,5.4,5.3,0.281
1642484,RayJ Dennis,NBA,2024-25,Guard,G,11,6.4,2.7,1.3,1.1,0.6,0.2,0.5,3.0,0.2,1.9,0.212
1641712,Rayan Rupert,NBA,2024-25,Wing,G-F,52,8.8,3.0,0.5,1.3,0.3,0.1,0.6,2.7,0.6,1.1,0.156
1641736,Reece Beekman,NBA,2024-25,Guard,G,36,13.0,2.6,1.8,1.1,0.9,0.1,0.6,3.0,0.6,1.1,0.122
1642263,Reed Sheppard,NBA,2024-25,Guard,G,52,12.6,4.4,1.4,1.5,0.7,0.3,0.7,4.6,0.3,2.7,0.171
202704,Reggie Jackson,NBA,2024-25,,,31,12.4,4.4,1.5,1.4,0.5,0.1,0.5,4.3,0.3,2.4,0.17
1626158,Richaun Holmes,NBA,2024-25,Wing,F,31,17.2,7.4,1.4,5.7,0.3,0.7,0.7,4.5,1.9,0.1,0.143
1641741,Ricky Council IV,NBA,2024-25,Guard,G,73,17.1,7.3,1.3,2.9,0.4,0.2,0.7,6.3,2.1,2.9,0.196
1642434,Riley Minix,NBA,2024-25,Wing,F,1,6.8,0.0,0.0,2.0,0.0,0.0,0.0,1.0,0.0,1.0,0.063
1642265,Rob Dillingham,NBA,2024-25,Guard,G,49,10.5,4.5,2.0,1.0,0.4,0.0,1.1,4.3,0.3,1.5,0.215
1629057,Robert Williams III,NBA,2024-25,Big,C-F,20,17.6,5.8,1.1,5.9,0.7,1.7,0.9,3.9,0.9,0.2,0.12
1631199,Ron Harper Jr.,NBA,2024-25,Wing,G-F,1,17.0,4.0,2.0,7.0,0.0,0.0,0.0,8.0,2.0,6.0,0.205
1641842,Ronald Holland II,NBA,2024-25,Wing,F,81,15.6,6.4,1.0,2.7,0.6,0.2,0.9,5.1,1.5,1.9,0.177
1626220,Royce O'Neale,NBA,2024-25,Wing,F,75,24.5,9.1,2.2,4.7,0.9,0.4,0.9,7.6,0.3,5.9,0.151
203497,Rudy Gobert,NBA,2024-25,Big,C,72,33.2,12.0,1.8,10.9,0.8,1.4,1.2,7.1,3.8,0.0,0.129
1629060,Rui Hachimura,NBA,2024-25,Wing,F,59,31.7,13.1,1.4,5.0,0.8,0.4,0.8,9.8,1.9,4.2,0.156
201566,Russell Westbrook,NBA,2024-25,Guard,G,75,27.9,13.3,6.1,4.9,1.4,0.5,3.2,11.1,3.1,3.9,0.23
1642346,Ryan Dunn,NBA,2024-25,Wing,F,74,19.1,6.9,0.8,3.6,0.6,0.5,0.5,6.4,0.5,3.6,0.161
1631157,Ryan Rollins,NBA,2024-25,Guard,G,56,14.6,6.2,1.9,1.9,0.8,0.3,0.9,4.8,0.8,2.1,0.179
1630573,Sam Hauser,NBA,2024-25,Wing,F,71,21.7,8.5,0.9,3.2,0.6,0.2,0.3,6.7,0.2,5.6,0.14
1630241,Sam Merrill,NBA,2024-25,Guard,G,71,19.7,7.2,1.5,2.2,0.7,0.2,0.5,6.0,0.4,5.2,0.14
1630572,Sandro Mamukelashvili,NBA,2024-25,Big,F-C,61,11.2,6.3,0.8,3.1,0.4,0.3,0.4,4.6,1.0,2.6,0.202
1630583,Santi Aldama,NBA,2024-25,Big,F-C,65,25.5,12.5,2.9,6.4,0.8,0.4,1.1,10.0,1.4,5.0,0.179
1630703,Scoot Henderson,NBA,2024-25,Guard,G,66,26.7,12.7,5.1,3.0,1.0,0.2,2.7,10.4,3.1,4.5,0.22
1630567,Scottie Barnes,NBA,2024-25,Wing,F-G,65,32.8,19.3,5.8,7.7,1.4,1.0,2.8,16.4,4.6,4.3,0.262
1630590,Scotty Pippen Jr.,NBA,2024-25,Guard,G,79,21.3,9.9,4.4,3.3,1.3,0.4,1.7,7.5,2.2,2.8,0.188
203552,Seth Curry,NBA,2024-25,Guard,G,68,15.6,6.5,0.9,1.7,0.4,0.1,0.5,5.0,0.6,2.7,0.151
1631101,Shaedon Sharpe,NBA,2024-25,Guard,G,72,31.3,18.5,2.8,4.5,0.9,0.2,2.1,15.3,3.4,6.6,0.25
1628983,Shai Gilgeous-Alexander,NBA,2024-25,Guard,G,76,34.2,32.7,6.4,5.0,1.7,1.0,2.4,21.8,8.8,5.7,0.336
1629003,Shake Milton,NBA,2024-25,Guard,G,57,14.7,5.5,1.8,1.8,0.4,0.1,0.7,4.5,1.0,1.9,0.162
1631321,Sidy Cissoko,NBA,2024-25,Guard,G,22,5.2,1.5,0.7,1.0,0.1,0.0,0.5,1.4,0.4,0.6,0.156
1631323,Simone Fontecchio,NBA,2024-25,Wing,F,75,16.5,5.9,0.9,2.9,0.4,0.2,0.7,5.0,1.1,3.0,0.152
1627746,Skal Labissiere,NBA,2024-25,,,4,3.0,1.3,0.3,0.8,0.0,0.0,0.0,1.0,0.0,0.3,0.129
203915,Spencer Dinwiddie,NBA,2024-25,Guard,G,79,27.0,11.0,4.4,2.6,0.9,0.2,1.3,8.6,3.1,4.1,0.175
1642461,Spencer Jones,NBA,2024-25,Wing,F,20,6.2,1.3,0.3,0.9,0.3,0.3,0.3,1.7,0.2,0.9,0.128
1630649,Stanley Umude,NBA,2024-25,Guard,G,22,3.9,0.7,0.2,0.8,0.1,0.3,0.1,1.2,0.2,0.7,0.137
201939,Stephen Curry,NBA,2024-25,Guard,G,70,32.2,24.5,6.0,4.4,1.1,0.4,2.9,18.0,4.3,11.2,0.286
1642264,Stephon Castle,NBA,2024-25,Guard,G,81,26.7,14.7,4.1,3.7,0.9,0.3,2.2,12.2,4.2,4.1,0.253
203500,Steven Adams,NBA,2024-25,Big,C,58,13.7,3.9,1.1,5.6,0.4,0.5,0.9,2.9,1.6,0.0,0.127
1629004,Svi Mykhailiuk,NBA,2024-25,Wing,G-F,38,20.0,8.8,2.0,2.4,0.5,0.2,1.4,7.9,0.9,5.3,0.198
204456,T.J. McConnell,NBA,2024-25,Guard,G,79,17.9,9.1,4.4,2.4,1.1,0.3,1.4,7.9,1.0,0.6,0.226
201959,Taj Gibson,NBA,2024-25,Wing,F,37,11.1,2.9,0.6,3.2,0.2,0.5,0.7,2.6,0.5,0.1,0.132
1629659,Talen Horton-Tucker,NBA,2024-25,Guard,G,58,12.5,6.5,1.4,1.7,0.4,0.2,0.7,5.0,1.7,2.1,0.208
1631106,Tari Eason,NBA,2024-25,Wing,F,57,24.9,12.0,1.5,6.4,1.7,0.9,1.1,9.8,1.8,3.2,0.185
1627752,Taurean Prince,NBA,2024-25,Wing,F,80,27.1,8.2,1.9,3.6,1.0,0.2,1.0,6.4,0.6,4.2,0.123
1641707,Taylor Hendricks,NBA,2024-25,Wing,F,3,24.8,4.7,0.7,5.0,1.7,1.3,0.7,6.0,1.3,4.0,0.113
1631386,Taze Moore,NBA,2024-25,,,2,9.9,3.0,0.5,4.0,1.0,0.0,1.0,5.0,1.0,2.0,0.224
1629611,Terance Mann,NBA,2024-25,Wing,G-F,67,21.1,7.7,1.8,3.0,0.7,0.2,0.7,6.2,1.0,2.4,0.145
1629056,Terence Davis,NBA,2024-25,Guard,G,1,7.9,0.0,1.0,1.0,0.0,0.0,0.0,2.0,0.0,1.0,0.111
1630545,Terrence Shannon Jr.,NBA,2024-25,Wing,G-F,32,10.6,4.3,1.0,1.5,0.2,0.2,0.5,3.6,0.7,1.0,0.166
1626179,Terry Rozier,NBA,2024-25,Guard,G,64,25.9,10.6,2.6,3.7,0.6,0.2,1.2,9.9,1.7,4.8,0.195
1630678,Terry Taylor,NBA,2024-25,,,3,2.1,0.0,0.7,0.3,0.0,0.0,0.0,0.3,0.0,0.0,0.067
1628418,Thomas Bryant,NBA,2024-25,Big,C-F,66,14.6,6.5,0.8,3.8,0.4,0.6,0.5,4.9,1.0,2.2,0.162
1642275,Tidjane Salaün,NBA,2024-25,Wing,F,60,20.7,5.9,1.2,4.7,0.5,0.2,1.0,5.8,1.6,3.4,0.15
203501,Tim Hardaway Jr.,NBA,2024-25,Wing,G-F,77,28.0,11.0,1.6,2.4,0.5,0.1,0.6,8.8,1.9,5.9,0.151
202699,Tobias Harris,NBA,2024-25,Wing,F,73,31.6,13.7,2.2,5.9,1.0,0.8,1.2,11.0,2.3,3.6,0.173
1642449,Tolu Smith,NBA,2024-25,Wing,F,1,22.4,14.0,0.0,8.0,0.0,0.0,2.0,9.0,3.0,0.0,0.2
1628396,Tony Bradley,NBA,2024-25,Big,C-F,14,8.1,4.4,0.4,3.0,0.1,0.6,0.4,3.2,0.4,0.2,0.182
1628470,Torrey Craig,NBA,2024-25,Wing,F,26,12.1,4.2,0.7,2.8,0.3,0.5,0.3,3.5,0.5,2.5,0.139
1641787,Tosan Evbuomwan,NBA,2024-25,Wing,F,28,23.7,9.5,2.0,4.3,0.9,0.4,1.4,7.9,2.6,2.8,0.183
1641739,Toumani Camara,NBA,2024-25,Wing,F,78,32.7,11.3,2.2,5.8,1.5,0.6,1.4,9.2,1.6,4.6,0.143
1629027,Trae Young,NBA,2024-25,Guard,G,76,36.0,24.2,11.6,3.1,1.2,0.2,4.7,18.1,7.4,8.4,0.285
1631218,Trayce Jackson-Davis,NBA,2024-25,Wing,F,62,15.6,6.6,1.7,5.0,0.4,0.6,0.7,4.9,1.6,0.0,0.164
1630200,Tre Jones,NBA,2024-25,Guard,G,46,19.7,7.2,4.2,2.5,0.8,0.2,0.8,5.2,1.5,1.0,0.136
1630544,Tre Mann,NBA,2024-25,Guard,G,13,24.5,14.1,3.0,2.9,0.5,0.3,1.9,12.4,1.6,4.6,0.25
1630570,Trendon Watford,NBA,2024-25,Wing,G-F,44,20.7,10.2,2.6,3.6,0.6,0.3,1.9,8.0,2.8,2.0,0.226
1642280,Trentyn Flowers,NBA,2024-25,Wing,F,6,4.4,1.8,0.0,0.7,0.0,0.0,0.2,1.8,0.5,0.3,0.194
1630243,Trevelin Queen,NBA,2024-25,Guard,G,31,13.9,4.9,1.2,1.7,1.0,0.3,0.7,4.7,0.7,2.5,0.176
1641725,Trey Alexander,NBA,2024-25,Guard,G,24,4.9,1.3,0.5,0.5,0.1,0.0,0.2,1.7,0.2,0.7,0.165
1641998,Trey Jemison III,NBA,2024-25,Big,C,38,10.3,2.5,0.4,2.8,0.2,0.4,0.6,1.9,0.9,0.0,0.121
1626168,Trey Lyles,NBA,2024-25,Wing,F,69,19.6,6.5,1.2,4.6,0.6,0.3,0.6,5.4,1.2,3.4,0.139
1630530,Trey Murphy III,NBA,2024-25,Wing,F,53,35.0,21.2,3.5,5.1,1.1,0.7,1.9,15.8,4.3,8.3,0.229
202684,Tristan Thompson,NBA,2024-25,Big,C-F,40,8.2,1.7,0.6,3.4,0.1,0.3,0.4,1.8,0.8,0.1,0.123
1641774,Tristan Vukcevic,NBA,2024-25,Wing,F,35,14.6,9.4,1.1,3.7,0.3,0.7,1.2,6.9,1.9,2.9,0.252
1641783,Tristan da Silva,NBA,2024-25,Wing,F,74,22.0,7.2,1.5,3.3,0.4,0.2,0.8,6.5,0.9,3.2,0.149
1641803,Tristen Newton,NBA,2024-25,Guard,G,8,2.0,0.4,0.3,0.5,0.1,0.0,0.3,1.0,0.1,0.4,0.185
1629660,Ty Jerome,NBA,2024-25,Wing,G-F,70,19.9,12.5,3.4,2.5,1.1,0.0,1.3,8.8,2.1,3.6,0.229
1631102,TyTy Washington Jr.,NBA,2024-25,Guard,G,16,7.4,2.2,1.0,0.8,0.2,0.0,0.2,2.8,0.4,1.3,0.187
1629639,Tyler Herro,NBA,2024-25,Guard,G,77,35.4,23.9,5.5,5.2,0.9,0.2,2.6,17.9,4.2,8.7,0.271
1642278,Tyler Kolek,NBA,2024-25,Guard,G,41,7.2,2.0,1.7,0.7,0.3,0.1,0.4,2.0,0.4,1.1,0.152
1641890,Tyler Smith,NBA,2024-25,Wing,F,23,5.3,2.9,0.2,1.1,0.1,0.2,0.3,2.2,0.3,1.3,0.205
1630169,Tyrese Haliburton,NBA,2024-25,Guard,G,73,33.6,18.6,9.2,3.5,1.4,0.7,1.6,13.8,3.0,7.7,0.21
1631213,Tyrese Martin,NBA,2024-25,Wing,F,60,21.9,8.7,2.0,3.7,0.6,0.2,1.2,7.8,1.0,4.7,0.179
1630178,Tyrese Maxey,NBA,2024-25,Guard,G,52,37.7,26.3,6.1,3.3,1.8,0.4,2.4,21.0,5.6,9.2,0.293
1630623,Tyson Etienne,NBA,2024-25,Guard,G,7,21.6,7.9,1.7,1.3,0.4,0.1,1.1,7.4,1.4,6.3,0.177
1626145,Tyus Jones,NBA,2024-25,Guard,G,81,26.8,10.2,5.3,2.4,0.9,0.1,1.1,8.4,0.7,5.0,0.16
1642279,Ulrich Chomche,NBA,2024-25,Big,C,7,4.6,0.7,0.3,1.1,0.0,0.1,0.3,0.7,0.3,0.0,0.108
203995,Vasilije Micic,NBA,2024-25,Guard,G,41,19.1,6.6,3.1,2.2,0.4,0.0,1.9,6.7,1.0,3.0,0.199
1641705,Victor Wembanyama,NBA,2024-25,Big,F-C,46,33.2,24.3,3.7,11.0,1.1,3.8,3.2,18.6,4.1,8.8,0.3
1631246,Vince Williams Jr.,NBA,2024-25,Guard,G,27,18.5,6.6,2.0,3.6,0.4,0.3,1.2,6.2,0.9,3.5,0.166
1628427,Vlatko Cancar,NBA,2024-25,Wing,F,13,10.4,1.8,0.7,2.5,0.2,0.2,0.8,2.0,0.0,1.2,0.109
1630249,Vít Krejčí,NBA,2024-25,Guard,G,57,20.2,7.2,2.6,2.7,0.6,0.5,0.9,5.1,0.8,3.6,0.131
1631117,Walker Kessler,NBA,2024-25,Big,C,58,30.0,11.1,1.7,12.2,0.6,2.4,1.5,7.2,2.6,0.6,0.133
1628976,Wendell Carter Jr.,NBA,2024-25,Big,C-F,68,25.9,9.1,2.0,7.2,0.8,0.6,1.1,7.2,2.6,2.3,0.159
1631111,Wendell Moore Jr.,NBA,2024-25,Guard,G,36,13.9,4.2,1.2,2.6,0.6,0.1,0.8,3.5,0.6,1.1,0.133
1630214,Xavier Tillman,NBA,2024-25,Wing,F,33,7.0,1.0,0.2,1.3,0.3,0.2,0.4,1.6,0.1,1.0,0.125
1642530,Yuki Kawamura,NBA,2024-25,Guard,G,22,4.2,1.6,0.9,0.5,0.1,0.0,0.2,1.4,0.4,1.0,0.167
1641879,Yuri Collins,NBA,2024-25,,,2,8.2,1.0,2.0,1.5,1.0,0.0,0.0,1.5,0.0,0.0,0.068
1642274,Yves Missi,NBA,2024-25,Big,C,73,26.8,9.1,1.4,8.2,0.5,1.3,1.1,6.7,2.8,0.0,0.141
1642258,Zaccharie Risacher,NBA,2024-25,Wing,F,75,24.6,12.6,1.2,3.6,0.7,0.5,1.2,10.4,2.0,4.6,0.203
1628380,Zach Collins,NBA,2024-25,Big,F-C,64,15.3,6.4,1.7,4.5,0.5,0.5,0.9,4.7,1.2,1.7,0.166
1641744,Zach Edey,NBA,2024-25,Big,C,66,21.5,9.2,1.0,8.3,0.5,1.3,1.3,6.6,1.9,0.8,0.156
203897,Zach LaVine,NBA,2024-25,Guard,G,74,35.2,23.3,4.2,4.3,0.8,0.2,2.8,16.5,3.9,7.2,0.251
1630192,Zeke Nnaji,NBA,2024-25,Big,F-C,57,10.7,3.2,0.4,1.6,0.4,0.7,0.2,2.5,0.8,0.9,0.119
1630533,Ziaire Williams,NBA,2024-25,Wing,F,63,24.5,10.0,1.3,4.6,1.0,0.4,1.1,8.3,2.0,4.8,0.179
1629627,Zion Williamson,NBA,2024-25,Wing,F,30,28.6,24.6,5.3,7.2,1.2,0.9,3.0,16.9,8.0,0.4,0.325
1642389,Zyon Pullin,NBA,2024-25,Guard,G,3,0.9,0.0,0.0,0.0,0.0,0.0,0.0,0.3,0.0,0.0,0.167
1628932,A'ja Wilson,WNBA,2025,Big,C,40,31.2,23.4,3.1,10.2,1.6,2.3,2.2,16.5,7.3,1.5,0.307
1642290,Aaliyah Edwards,WNBA,2025,Wing,F,36,14.8,5.4,0.6,3.7,0.6,0.4,1.1,4.3,2.4,0.3,0.188
1642801,Aaliyah Nye,WNBA,2025,Wing,G-F,44,15.3,3.8,0.5,1.5,0.3,0.2,0.6,3.9,0.4,2.7,0.132
1630462,Aari McDonald,WNBA,2025,Guard,G,20,26.3,9.8,4.7,2.4,1.3,0.2,2.3,7.7,2.6,3.9,0.182
1627672,Aerial Powers,WNBA,2025,Guard,G,10,16.7,7.4,2.0,3.9,0.8,0.1,1.1,6.5,1.9,1.9,0.214
1642828,Ajae Petty,WNBA,2025,Big,C,2,3.2,0.0,0.0,0.5,0.0,0.0,0.0,0.0,0.0,0.0,0.0
1629501,Alanna Smith,WNBA,2025,Wing,F,42,26.5,9.6,2.9,5.1,1.3,1.9,1.5,7.9,1.5,3.8,0.172
1628297,Alexis Prince,WNBA,2025,,,1,22.1,2.0,1.0,8.0,0.0,0.0,3.0,3.0,0.0,1.0,0.125
1642293,Alissa Pili,WNBA,2025,Wing,F,19,5.2,2.3,0.2,1.0,0.1,0.1,0.4,1.5,0.8,0.6,0.182
1641648,Aliyah Boston,WNBA,2025,Big,C-F,44,30.2,15.0,3.7,8.2,1.2,0.9,1.8,11.5,3.3,0.7,0.215
1628277,Allisha Gray,WNBA,2025,Guard,G,42,34.5,18.4,3.5,5.3,1.1,0.4,1.8,13.0,5.5,6.1,0.216
202252,Alysha Clark,WNBA,2025,Wing,F,42,19.7,3.9,1.2,2.8,0.6,0.1,0.5,3.8,0.6,2.3,0.104
203826,Alyssa Thomas,WNBA,2025,Wing,F,39,31.3,15.4,9.2,8.8,1.6,0.4,3.5,11.6,4.3,0.2,0.238
1629539,Amy Okonkwo,WNBA,2025,Wing,F,8,19.6,11.0,0.8,3.1,1.4,0.1,0.9,7.6,2.5,3.8,0.207
1642797,Anastasiia Olairi Kosu,WNBA,2025,Wing,F,21,3.8,1.7,0.2,0.7,0.0,0.2,0.3,1.4,0.7,0.1,0.217
1642800,Aneesah Morrow,WNBA,2025,Wing,F,41,18.9,7.7,0.5,6.9,0.8,0.4,1.1,7.3,2.3,1.8,0.212
1642291,Angel Reese,WNBA,2025,Wing,F,30,31.6,14.7,3.7,12.6,1.5,0.7,3.9,11.1,5.7,0.7,0.233
1628878,Ariel Atkins,WNBA,2025,Guard,G,34,28.5,13.1,3.6,3.4,1.6,0.7,2.5,10.7,2.7,3.5,0.216
1629481,Arike Ogunbowale,WNBA,2025,Guard,G,29,33.3,15.5,4.1,2.5,1.3,0.2,2.1,13.9,4.0,5.4,0.221
1642793,Aziaha James,WNBA,2025,Guard,G,38,17.7,7.5,1.6,2.9,0.6,0.2,1.0,7.5,1.4,2.9,0.211
1628922,Azura Stevens,WNBA,2025,Big,F-C,44,28.4,12.8,2.1,8.0,1.2,1.1,1.5,9.7,2.3,4.4,0.187
1627668,Breanna Stewart,WNBA,2025,Wing,F,31,30.6,18.3,3.5,6.5,1.4,1.4,1.9,13.2,6.5,2.8,0.261
1642788,Bree Hall,WNBA,2025,Guard,G,4,4.4,0.8,0.0,0.8,0.0,0.0,0.8,1.3,0.8,0.5,0.237
203829,Bria Hartley,WNBA,2025,Guard,G,38,22.8,8.9,3.1,2.0,0.8,0.0,1.8,7.7,2.4,3.9,0.201
1629488,Brianna Turner,WNBA,2025,Big,F-C,27,8.6,1.1,0.6,1.9,0.1,0.3,0.3,1.2,0.3,0.0,0.084
1629524,Bridget Carleton,WNBA,2025,Wing,F,44,27.9,6.5,2.0,3.6,0.8,0.3,0.8,5.8,0.6,3.8,0.109
1628280,Brionna Jones,WNBA,2025,Wing,F,44,26.6,12.8,2.2,7.3,1.1,0.8,1.5,9.7,3.0,1.0,0.201
203398,Brittney Griner,WNBA,2025,Big,C,39,20.8,9.8,0.8,5.2,0.1,1.2,1.5,7.7,2.2,0.5,0.215
1628279,Brittney Sykes,WNBA,2025,Guard,G,39,30.6,14.1,4.0,3.2,1.2,0.4,2.5,11.7,5.6,2.6,0.237
1642286,Caitlin Clark,WNBA,2025,Guard,G,13,31.0,16.5,8.8,5.0,1.6,0.5,5.1,15.1,3.8,8.0,0.287
1642287,Cameron Brink,WNBA,2025,Wing,F,19,12.9,5.1,0.5,4.3,0.5,1.4,1.3,4.3,1.1,1.8,0.198
1642344,Camryn Taylor,WNBA,2025,Wing,F,6,3.8,0.5,0.2,1.0,0.0,0.0,0.5,1.2,0.3,0.5,0.193
1642304,Carla Leite,WNBA,2025,Guard,G,37,17.2,7.2,2.0,1.3,0.7,0.1,1.5,6.0,2.7,2.0,0.223
1628508,Cecilia Zandalasini,WNBA,2025,Wing,F,19,23.7,10.5,1.7,2.9,0.9,0.2,1.3,7.9,1.7,4.8,0.195
203833,Chelsea Gray,WNBA,2025,Guard,G,44,31.1,11.2,5.4,3.9,1.4,0.6,2.8,8.8,2.4,3.9,0.175
204323,Cheyenne Parker-Tyus,WNBA,2025,Wing,F,2,7.0,8.0,0.0,1.0,0.0,0.0,0.5,4.0,3.0,1.0,0.353
1631064,Chloe Bibby,WNBA,2025,Wing,F,14,11.0,4.8,0.5,1.8,0.6,0.1,0.5,3.9,0.6,3.0,0.172
1631090,Christyn Williams,WNBA,2025,Guard,G,4,11.2,4.3,0.8,1.0,0.0,0.0,0.3,4.0,1.5,1.0,0.194
202664,Courtney Vandersloot,WNBA,2025,Guard,G,7,27.2,10.6,5.3,3.1,1.6,0.3,2.4,9.4,1.9,3.3,0.178
1627675,Courtney Williams,WNBA,2025,Guard,G,44,28.6,13.6,6.2,4.9,1.3,0.3,2.3,13.2,1.2,3.4,0.249
204325,Crystal Bradford,WNBA,2025,,,4,6.0,1.0,0.3,1.3,0.5,0.0,0.3,1.5,0.0,0.5,0.121
203024,Damiris Dantas,WNBA,2025,Big,C-F,38,11.5,4.6,0.7,2.4,0.2,0.1,0.8,4.8,0.7,2.5,0.209
1630389,Dana Evans,WNBA,2025,Guard,G,44,17.7,6.6,2.2,1.1,0.4,0.1,0.8,6.3,1.2,2.3,0.191
201886,DeWanna Bonner,WNBA,2025,Wing,G-F,33,23.6,9.8,1.2,4.2,0.8,0.3,0.8,7.8,2.6,3.6,0.181
204324,Dearica Hamby,WNBA,2025,Wing,F,44,31.2,18.4,3.3,7.9,1.6,0.5,2.7,12.9,5.4,1.2,0.246
1630096,DiJonai Carrington,WNBA,2025,Wing,G-F,31,21.9,9.8,1.5,4.0,1.1,0.4,1.9,8.9,2.6,2.3,0.231
1641649,Diamond Miller,WNBA,2025,Wing,F,40,10.9,4.0,0.8,1.3,0.3,0.2,0.9,3.4,1.2,1.3,0.178
1642798,Dominique Malonga,WNBA,2025,Big,C,42,14.3,7.7,0.9,4.6,0.4,0.7,1.1,6.3,1.2,0.4,0.239
1642295,Elizabeth Kitley,WNBA,2025,,,12,8.2,1.3,0.1,1.4,0.3,0.5,0.6,1.9,0.2,0.1,0.142
204322,Elizabeth Williams,WNBA,2025,Big,C-F,43,21.1,8.5,1.8,5.2,0.7,0.9,1.3,7.6,1.9,0.0,0.201
1631083,Emily Engstler,WNBA,2025,Wing,F,40,12.8,3.7,1.5,3.3,0.7,0.7,1.0,3.4,0.9,1.6,0.157
1628242,Emma Cannon,WNBA,2025,Wing,F,21,10.1,4.4,0.4,1.8,0.5,0.0,0.8,3.0,1.1,1.7,0.178
203416,Emma Meesseman,WNBA,2025,Wing,F,17,25.9,13.4,3.2,5.1,1.2,0.8,2.1,9.4,2.2,1.2,0.221
204365,Erica Wheeler,WNBA,2025,Guard,G,44,25.6,10.3,3.3,2.7,1.3,0.2,1.5,9.5,1.1,4.6,0.197
1629496,Ezi Magbegor,WNBA,2025,Big,F-C,44,27.3,8.0,2.1,6.2,0.7,2.2,1.0,6.5,1.9,1.1,0.136
1628931,Gabby Williams,WNBA,2025,Wing,F,44,31.6,11.6,4.2,4.3,2.3,0.5,1.9,10.7,1.7,3.7,0.186
1641658,Grace Berger,WNBA,2025,Guard,G,19,22.0,3.4,3.1,3.3,0.7,0.4,1.1,4.7,0.8,1.2,0.118
1642817,Hailey Van Lith,WNBA,2025,Guard,G,29,12.4,3.5,1.6,1.1,0.4,0.1,1.2,3.8,1.1,1.1,0.192
1641650,Haley Jones,WNBA,2025,Wing,F-G,28,21.2,7.3,2.3,3.5,0.8,0.8,1.7,6.7,1.3,1.4,0.178
203863,Haley Peters,WNBA,2025,Wing,F-G,33,11.5,2.1,0.8,2.2,0.3,0.1,0.7,2.5,0.4,1.2,0.126
1630387,Iliana Rupert,WNBA,2025,Big,C,21,23.2,9.3,1.6,3.9,0.6,0.6,1.0,7.3,0.8,5.0,0.172
204330,Isabelle Harrison,WNBA,2025,Wing,F,34,10.6,4.9,0.7,2.6,0.6,0.1,0.7,3.9,1.3,0.4,0.211
1642808,JJ Quinerly,WNBA,2025,Guard,G,34,15.9,6.5,2.3,1.9,0.9,0.2,1.5,5.5,1.3,1.6,0.2
1629498,Jackie Young,WNBA,2025,Guard,G,44,30.4,16.5,5.1,4.5,1.3,0.4,2.2,12.4,3.2,5.1,0.231
1642292,Jacy Sheldon,WNBA,2025,Guard,G,30,23.6,7.5,1.9,1.9,0.9,0.2,1.0,5.9,0.8,3.0,0.136
1631141,Jade Melbourne,WNBA,2025,Guard,G,43,23.4,5.9,2.9,1.9,0.6,0.2,1.7,5.2,1.7,2.2,0.142
1642240,Jaelyn Brown,WNBA,2025,,,10,13.1,3.7,0.1,1.2,0.5,0.2,0.5,3.7,0.2,1.8,0.141
1642767,Janelle Salaun,WNBA,2025,Wing,F,36,27.0,11.3,1.2,5.1,0.6,0.1,1.5,10.1,1.7,4.8,0.205
1642320,Jaylyn Sherrod,WNBA,2025,Guard,G,26,5.5,1.2,0.5,0.6,0.4,0.0,0.5,1.1,0.5,0.5,0.136
1629491,Jessica Shepard,WNBA,2025,Wing,F,40,20.9,8.0,2.6,7.3,0.5,0.1,1.5,5.2,2.6,0.0,0.16
204319,Jewell Loyd,WNBA,2025,Guard,G,44,28.3,11.2,1.8,3.2,1.2,0.3,1.2,9.7,1.6,6.0,0.179
1627673,Jonquel Jones,WNBA,2025,Big,C,31,26.8,13.6,2.7,8.1,0.5,1.1,2.1,9.9,2.9,4.0,0.223
1628886,Jordin Canada,WNBA,2025,Guard,G,28,28.0,11.2,5.7,3.3,1.7,0.3,2.2,9.8,3.4,3.1,0.208
1630115,Joyner Holmes,WNBA,2025,,,6,4.8,1.2,0.0,1.0,0.0,0.0,0.3,2.0,0.0,0.8,0.233
1627700,Julie Allemand,WNBA,2025,Guard,G,34,28.3,5.4,5.0,3.7,1.3,0.0,1.6,4.7,0.6,3.0,0.099
1642210,Julie Vanloo,WNBA,2025,Guard,G,35,12.8,2.8,1.9,0.9,0.4,0.0,1.4,3.2,0.3,2.6,0.156
1627674,Kahleah Copper,WNBA,2025,Wing,G-F,28,26.9,15.6,1.5,2.9,1.1,0.2,2.2,12.9,3.1,5.4,0.27
1630097,Kaila Charles,WNBA,2025,Wing,G-F,35,17.6,6.4,1.0,4.3,0.8,0.2,1.1,5.4,1.4,2.1,0.175
1642822,Kaitlyn Chen,WNBA,2025,Guard,G,24,10.3,2.0,1.0,0.9,0.2,0.0,0.8,2.1,0.3,0.6,0.12
1629480,Kalani Brown,WNBA,2025,Big,C,29,12.8,5.1,0.6,4.0,0.2,0.6,0.8,3.3,1.2,0.3,0.154
1630154,Kamiah Smalls,WNBA,2025,,,3,1.1,0.0,0.0,0.0,0.0,0.0,0.0,0.0,0.0,0.0,0.0
1642289,Kamilla Cardoso,WNBA,2025,Big,C,40,27.6,13.6,2.5,8.5,0.4,1.2,2.4,10.6,3.3,0.1,0.225
1642773,Kariata Diaby,WNBA,2025,,,13,8.0,1.9,0.4,1.0,0.5,0.1,0.9,1.1,1.1,0.0,0.133
1628317,Karlie Samuelson,WNBA,2025,,,16,14.2,3.3,1.1,1.3,0.4,0.1,0.7,2.6,0.9,2.1,0.115
1642324,Kate Martin,WNBA,2025,Guard,G,42,16.4,6.2,1.0,2.7,0.4,0.1,0.8,6.3,1.0,4.4,0.202
1628957,Kathryn Westbeld,WNBA,2025,Wing,F,43,18.4,5.1,0.9,2.5,0.8,0.6,0.6,5.0,0.7,3.0,0.137
203825,Kayla McBride,WNBA,2025,Guard,G,39,31.3,14.2,3.5,2.3,1.3,0.1,1.7,11.0,2.7,6.7,0.197
203866,Kayla Thornton,WNBA,2025,Wing,F,22,30.1,14.0,1.5,7.0,1.3,0.2,1.6,12.5,3.7,6.5,0.227
1628909,Kelsey Mitchell,WNBA,2025,Guard,G,44,31.4,20.2,3.4,1.8,0.9,0.2,1.8,15.7,4.3,6.4,0.264
1628276,Kelsey Plum,WNBA,2025,Guard,G,43,35.1,19.5,5.7,3.1,1.2,0.1,3.0,14.4,5.7,6.5,0.246
1629568,Kennedy Burke,WNBA,2025,Wing,G-F,36,21.6,8.1,1.3,2.4,0.8,0.4,0.9,6.1,1.5,3.1,0.155
1628915,Kia Nurse,WNBA,2025,Guard,G,44,21.9,7.2,1.3,2.3,0.3,0.0,1.3,6.6,1.4,4.1,0.165
204329,Kiah Stokes,WNBA,2025,Big,C,40,12.9,1.1,0.4,3.6,0.4,0.4,0.4,1.3,0.2,0.6,0.06
1630461,Kiana Williams,WNBA,2025,Guard,G,11,9.7,4.1,0.9,1.0,0.3,0.0,0.5,3.6,0.4,2.4,0.198
1631006,Kierstan Bell,WNBA,2025,Wing,F,35,12.2,4.2,0.7,1.8,0.4,0.3,0.5,4.4,0.4,2.9,0.183
1642792,Kiki Iriafen,WNBA,2025,Wing,F,44,26.9,13.3,1.6,8.5,0.6,0.2,2.2,10.3,4.0,0.3,0.231
1629490,Kitija Laksa,WNBA,2025,Guard,G,33,19.0,5.9,0.6,1.2,0.4,0.2,0.6,5.5,1.0,3.6,0.144
1642768,Kyara Linskens,WNBA,2025,,,4,6.7,1.0,0.3,1.5,0.3,0.8,0.5,1.3,0.0,0.3,0.106
1643154,Kyra Lambert,WNBA,2025,,,1,0.1,0.0,0.0,0.0,0.0,0.0,0.0,0.0,0.0,0.0,0.0
1641656,Laeticia Amihere,WNBA,2025,Wing,F,29,13.3,5.4,0.9,4.3,0.6,0.4,1.1,3.9,2.2,0.7,0.197
1642303,Leila Lacan,WNBA,2025,Guard,G,25,26.6,10.4,3.7,2.4,2.2,0.2,1.9,8.7,1.7,2.7,0.185
1630142,Leonie Fiebich,WNBA,2025,Wing,F,37,28.1,8.7,1.7,3.5,0.9,0.4,1.2,6.0,1.7,3.2,0.127
1631118,Lexi Held,WNBA,2025,Guard,G,32,14.7,5.3,1.1,1.1,0.7,0.2,0.9,5.1,0.7,2.8,0.182
1628882,Lexie Brown,WNBA,2025,Guard,G,24,9.4,2.1,1.0,0.7,0.4,0.0,0.3,2.0,0.4,1.5,0.114
1631086,Lexie Hull,WNBA,2025,Guard,G,44,27.0,7.2,1.8,4.3,1.2,0.2,0.9,6.8,0.8,3.4,0.129
1629574,Li Yueru,WNBA,2025,Big,C,31,16.8,6.0,0.9,4.5,0.3,0.3,1.0,4.9,1.6,1.8,0.167
1642820,Liatu King,WNBA,2025,,,14,9.7,2.7,0.3,2.1,0.1,0.0,0.8,1.9,1.1,0.4,0.133
1628263,Lindsay Allen,WNBA,2025,Guard,G,31,14.5,2.4,2.0,1.0,0.3,0.2,1.0,2.1,0.7,0.6,0.105
1642802,Lucy Olsen,WNBA,2025,Guard,G,41,12.4,4.0,1.2,1.2,0.4,0.1,0.5,3.9,0.4,1.7,0.157
1630143,Luisa Geiselsoder,WNBA,2025,Big,C,28,22.4,6.9,1.6,4.8,0.8,0.7,1.0,6.4,0.4,3.4,0.144
1642307,Mackenzie Holmes,WNBA,2025,Wing,F,10,5.8,1.0,0.2,0.9,0.5,0.1,0.0,0.7,0.0,0.0,0.056
1641652,Maddy Siegrist,WNBA,2025,Wing,F,26,27.0,12.7,0.8,4.3,0.7,0.6,0.5,10.3,2.2,3.1,0.184
1642818,Maddy Westbeld,WNBA,2025,Wing,F,26,13.6,4.1,0.9,2.4,0.5,0.3,0.6,4.0,0.6,1.7,0.165
1642810,Madison Scott,WNBA,2025,Wing,G-F,9,5.2,1.6,0.2,0.1,0.2,0.0,0.1,1.2,0.4,0.1,0.126
1642815,Makayla Timpson,WNBA,2025,Big,F-C,31,7.1,2.6,0.0,1.8,0.4,0.3,0.3,1.8,0.9,0.0,0.155
1642841,Mamignan Toure,WNBA,2025,Guard,G,18,8.2,2.0,0.5,0.4,0.4,0.0,0.4,2.2,0.0,1.2,0.135
1628926,Maria Kliundikova,WNBA,2025,Wing,F,34,11.0,4.4,0.6,3.0,0.7,0.8,0.7,3.8,0.6,0.7,0.183
1629497,Marina Mabrey,WNBA,2025,Guard,G,35,31.5,14.4,4.0,4.2,0.7,0.3,2.8,13.9,2.6,7.0,0.248
1629546,Marine Johannes,WNBA,2025,Guard,G,44,18.3,6.4,1.6,1.9,0.6,0.3,1.2,5.7,0.4,4.3,0.17
1642763,Marième Badiane,WNBA,2025,,,3,3.6,0.0,0.0,0.3,0.7,0.0,0.7,1.0,0.0,0.3,0.185
1642301,Marquesha Davis,WNBA,2025,,,11,4.7,0.9,0.1,0.6,0.0,0.2,0.5,0.9,0.6,0.4,0.16
1630471,Maya Caldwell,WNBA,2025,Guard,G,41,18.5,5.4,1.8,3.1,0.9,0.2,1.0,4.8,0.5,2.7,0.14
1629484,Megan DiLeo,WNBA,2025,Big,C,20,11.3,3.0,0.3,1.8,0.2,0.3,0.3,2.9,0.8,2.0,0.131
1642799,Megan McConnell,WNBA,2025,,,1,12.6,3.0,3.0,1.0,1.0,0.0,0.0,4.0,0.0,2.0,0.129
1628920,Mercedes Russell,WNBA,2025,,,20,8.2,1.7,0.6,1.2,0.3,0.2,0.4,1.4,0.7,0.0,0.108
1630446,Michaela Onyenwere,WNBA,2025,Wing,F,42,16.9,5.8,1.1,1.6,0.4,0.1,1.3,5.0,1.2,1.6,0.176
1642777,Monique Akoa Makani,WNBA,2025,Guard,G,41,21.5,7.7,2.7,2.2,0.8,0.1,1.3,6.5,1.0,3.0,0.167
1628881,Monique Billings,WNBA,2025,Wing,F,26,18.2,7.3,0.5,4.5,0.6,0.8,0.8,5.8,2.0,1.4,0.179
1627669,Moriah Jefferson,WNBA,2025,,,5,7.1,1.4,1.8,1.0,0.0,0.0,0.4,1.6,0.0,0.6,0.125
1642774,Murjanatu Musa,WNBA,2025,,,12,10.1,3.3,0.6,2.6,0.3,0.2,0.6,2.9,0.9,0.2,0.164
1628899,Myisha Hines-Allen,WNBA,2025,Wing,F,40,22.1,7.6,2.9,6.0,0.8,0.5,2.2,6.2,2.1,1.5,0.179
1631019,NaLyssa Smith,WNBA,2025,Wing,F,45,21.2,7.6,0.7,5.1,0.6,0.6,1.1,5.9,2.4,0.6,0.168
1629483,Napheesa Collier,WNBA,2025,Wing,F,33,32.3,22.9,3.2,7.3,1.6,1.5,2.1,15.7,5.2,3.8,0.278
204333,Natasha Cloud,WNBA,2025,Guard,G,41,29.0,10.1,5.1,3.7,1.2,0.3,1.9,8.5,1.7,3.8,0.171
203827,Natasha Howard,WNBA,2025,Wing,F,44,24.1,11.4,1.5,6.6,1.2,0.6,1.9,8.2,3.0,0.8,0.208
1630442,Natasha Mack,WNBA,2025,Big,F-C,34,18.3,4.7,0.9,5.8,0.9,1.5,0.4,3.6,1.1,0.1,0.108
1629567,Natisha Hiedeman,WNBA,2025,Guard,G,44,18.9,9.1,2.8,1.9,0.7,0.2,1.2,7.0,1.5,2.8,0.201
1631044,Naz Hillmon,WNBA,2025,Wing,F,44,25.5,8.6,2.4,6.2,0.5,0.4,1.1,6.8,1.3,3.8,0.148
1628269,Nia Coffey,WNBA,2025,Wing,F,44,10.3,3.9,1.0,2.6,0.2,0.4,0.7,3.3,1.1,1.9,0.19
203014,Nneka Ogwumike,WNBA,2025,Wing,F,44,30.9,18.3,2.3,7.0,1.1,0.4,1.9,14.0,2.7,4.1,0.245
1631055,Nyara Sabally,WNBA,2025,Big,C,17,17.9,5.4,0.8,4.5,0.5,1.0,0.9,4.5,1.5,0.4,0.147
203824,Odyssey Sims,WNBA,2025,Guard,G,24,27.9,10.1,3.8,2.4,0.7,0.0,1.4,9.0,2.3,2.7,0.178
1631135,Olivia Nelson-Ododa,WNBA,2025,Big,C,37,21.6,8.2,0.9,5.0,0.7,1.2,1.1,5.8,3.0,0.1,0.169
1642784,Paige Bueckers,WNBA,2025,Guard,G,36,33.3,19.2,5.4,3.9,1.6,0.5,2.0,15.1,4.2,3.3,0.241
1627671,Rachel Banham,WNBA,2025,Guard,G,44,24.6,9.0,2.7,1.7,0.6,0.3,1.6,7.7,1.3,5.5,0.174
1630996,Rae Burrell,WNBA,2025,Wing,G-F,28,18.4,7.5,1.2,2.3,0.6,0.2,0.9,6.4,1.7,2.4,0.179
1642796,Rayah Marshall,WNBA,2025,Big,C-F,15,6.0,1.7,0.3,1.7,0.1,0.2,0.5,1.7,0.8,0.1,0.171
204296,Rebecca Allen,WNBA,2025,Wing,F-G,44,18.7,5.1,1.3,2.6,0.5,0.5,0.9,5.5,0.7,3.0,0.151
203822,Rebekah Gardner,WNBA,2025,Guard,G,41,12.2,3.7,0.6,1.8,0.6,0.2,0.6,2.7,0.7,1.0,0.128
1631009,Rhyne Howard,WNBA,2025,Guard,G,33,34.9,17.5,4.6,4.5,1.5,0.8,1.7,15.1,3.6,9.6,0.229
1642288,Rickea Jackson,WNBA,2025,Wing,F,38,30.9,14.7,1.7,3.2,0.6,0.4,2.1,12.7,2.6,4.9,0.221
1641641,Robyn Parks,WNBA,2025,,,6,10.5,0.3,0.3,1.5,0.3,0.0,0.2,0.8,0.0,0.7,0.039
1629477,Sabrina Ionescu,WNBA,2025,Guard,G,38,31.4,18.2,5.7,4.9,1.3,0.4,2.6,15.1,4.3,7.1,0.273
1628244,Sami Whitcomb,WNBA,2025,Guard,G,43,23.9,9.1,2.5,2.6,0.8,0.2,1.6,7.8,1.3,5.5,0.175
1642790,Sania Feagin,WNBA,2025,Wing,F,16,4.8,1.3,0.3,0.7,0.0,0.4,0.4,1.8,0.1,0.3,0.198
1642809,Saniya Rivers,WNBA,2025,Guard,G,42,26.1,8.8,2.7,2.8,1.5,0.9,1.5,8.3,1.4,3.0,0.173
1642782,Sarah Ashlee Barker,WNBA,2025,Guard,G,34,14.1,3.1,0.9,1.9,0.3,0.1,1.1,3.1,0.7,1.8,0.136
1630149,Satou Sabally,WNBA,2025,Wing,F,39,26.6,16.3,2.5,5.9,1.3,0.3,2.0,13.2,4.7,5.4,0.276
1642813,Serena Sundell,WNBA,2025,,,3,7.2,0.0,0.0,0.3,0.0,0.0,0.7,0.3,0.0,0.3,0.056
1642244,Sevgi Uzun,WNBA,2025,Guard,G,25,17.6,3.1,2.5,1.2,0.5,0.1,1.7,3.8,0.6,1.2,0.147
1631022,Shakira Austin,WNBA,2025,Big,F-C,38,23.0,12.7,1.8,6.4,1.1,1.1,2.4,10.8,3.8,0.4,0.283
1628278,Shatori Walker-Kimbrough,WNBA,2025,Guard,G,41,8.6,1.7,0.5,0.9,0.2,0.3,0.4,1.5,0.3,0.8,0.101
203035,Shey Peddy,WNBA,2025,Guard,G,15,17.6,5.1,2.1,1.7,0.4,0.0,0.9,3.7,0.6,2.3,0.115
1631021,Sika Kone,WNBA,2025,Wing,F,19,4.5,1.4,0.3,1.0,0.0,0.0,0.3,1.2,0.7,0.3,0.16
203400,Skylar Diggins,WNBA,2025,Guard,G,43,31.2,15.5,6.0,2.5,1.2,0.8,2.1,12.5,4.4,4.0,0.235
1642785,Sonia Citron,WNBA,2025,Guard,G,44,32.1,14.9,2.4,4.0,1.3,0.4,2.1,10.8,3.4,4.1,0.195
1629482,Sophie Cunningham,WNBA,2025,Guard,G,30,25.2,8.6,1.2,3.5,1.0,0.1,1.1,5.8,1.6,3.9,0.128
203828,Stefanie Dolson,WNBA,2025,Big,C,43,15.2,3.7,1.4,2.3,0.3,0.3,0.7,3.3,0.5,1.7,0.122
203855,Stephanie Talbot,WNBA,2025,Wing,F,38,14.2,2.9,1.7,2.7,0.5,0.2,1.1,2.7,0.7,1.5,0.124
1630134,Sug Sutton,WNBA,2025,Guard,G,43,26.1,7.4,3.9,1.8,0.8,0.1,1.9,6.6,1.1,2.8,0.152
202641,Sydney Colson,WNBA,2025,Guard,G,30,13.5,2.4,2.0,0.8,0.5,0.2,1.2,2.5,0.2,1.6,0.119
1642814,Taylor Thierry,WNBA,2025,Wing,G-F,17,2.1,0.4,0.1,0.4,0.2,0.0,0.1,0.6,0.2,0.2,0.163
1642804,Te-Hina Paopao,WNBA,2025,Guard,G,43,16.7,5.8,2.4,1.6,0.5,0.2,1.0,5.1,0.3,3.1,0.163
1629479,Teaira McCowan,WNBA,2025,,,17,12.9,5.6,0.6,4.6,0.3,0.7,0.9,3.9,1.7,0.1,0.171
1627701,Temi Fagbenle,WNBA,2025,Big,C,39,23.7,7.4,1.6,4.9,0.9,0.6,1.5,6.4,0.9,1.6,0.156
203026,Tiffany Hayes,WNBA,2025,Guard,G,26,26.9,11.7,3.0,3.8,0.5,0.2,1.9,9.1,3.1,3.9,0.208
1627676,Tiffany Mitchell,WNBA,2025,Guard,G,39,13.1,3.2,0.3,1.1,0.4,0.2,0.6,2.6,1.2,0.8,0.127
202250,Tina Charles,WNBA,2025,Big,C,43,28.4,16.3,1.7,5.8,0.8,0.4,1.9,13.8,4.6,1.1,0.274
1630112,Tyasha Harris,WNBA,2025,Guard,G,5,16.5,4.6,2.6,1.0,0.4,0.4,0.6,3.6,0.4,2.2,0.111
1631007,Veronica Burton,WNBA,2025,Guard,G,44,29.4,11.9,6.0,4.4,1.1,0.6,2.1,8.8,4.3,4.0,0.194
1628304,Yvonne Anderson,WNBA,2025,,,1,12.4,0.0,2.0,1.0,2.0,0.0,0.0,3.0,0.0,1.0,0.094
1641660,Zia Cooke,WNBA,2025,Guard,G,26,10.0,3.5,0.5,0.5,0.4,0.0,0.8,3.2,0.9,1.5,0.192
