PLAYER_ID,PLAYER_NAME,league,season,role,POSITION,GP,MIN,PTS,AST,REB,STL,BLK,TOV,FGA,FTA,FG3A
1641766,Adama Sanogo,NBA,2024-25,,,4,5.4,2.0,0.3,1.5,0.0,0.0,0.3,1.8,0.0,0.0
1631214,Alondes Williams,NBA,2024-25,,,1,3.7,5.0,1.0,0.0,0.0,0.0,0.0,2.0,0.0,1.0
1642422,Armel Traore,NBA,2024-25,,,9,7.4,1.6,0.1,1.7,0.4,0.2,0.3,2.1,0.8,0.8
1628981,Bruno Fernando,NBA,2024-25,,,17,8.6,3.4,1.1,3.0,0.2,0.5,0.8,2.9,0.5,0.0
1629629,Cam Reddish,NBA,2024-25,,,33,17.9,3.2,0.7,2.0,1.0,0.3,0.4,2.8,0.8,1.4
1630537,Chris Duarte,NBA,2024-25,,,17,4.4,2.1,0.5,1.2,0.0,0.0,0.1,1.5,0.5,0.9
1631306,Cole Swider,NBA,2024-25,,,10,17.0,5.9,0.3,2.7,0.4,0.2,0.4,6.3,0.1,4.7
1642385,Cui Cui,NBA,2024-25,,,5,2.1,0.6,0.0,0.4,0.0,0.0,0.0,1.4,0.4,0.6
1630618,D.J. Carton,NBA,2024-25,,,4,8.3,0.8,0.8,1.0,0.5,0.0,1.0,1.8,0.3,0.8
1630227,Daishen Nix,NBA,2024-25,,,3,4.4,0.3,1.0,1.3,0.0,0.0,1.3,0.3,0.7,0.3
1628464,Daniel Theis,NBA,2024-25,,,38,16.3,4.3,1.6,4.3,0.5,0.5,0.7,3.4,1.0,1.0
1630600,Isaiah Mobley,NBA,2024-25,,,1,17.4,6.0,5.0,4.0,1.0,1.0,0.0,7.0,2.0,3.0
1631209,Isaiah Wong,NBA,2024-25,,,20,13.3,6.0,1.4,1.6,0.6,0.0,0.9,5.3,1.7,1.7
1626143,Jahlil Okafor,NBA,2024-25,,,1,3.4,0.0,1.0,1.0,0.0,0.0,0.0,0.0,0.0,0.0
1629667,Jalen McDaniels,NBA,2024-25,,,4,1.8,0.0,0.3,0.0,0.3,0.0,0.0,0.0,0.0,0.0
1630164,James Wiseman,NBA,2024-25,,,1,4.6,6.0,0.0,1.0,0.0,0.0,0.0,4.0,2.0,1.0
1629669,Jaylen Nowell,NBA,2024-25,,,8,21.0,8.4,2.3,2.5,0.1,0.5,1.0,9.1,1.4,3.4
1631301,Jaylen Sims,NBA,2024-25,,,6,18.6,7.0,2.0,1.0,0.5,0.2,1.3,4.7,2.5,2.5
1641789,Jazian Gortman,NBA,2024-25,,,16,3.5,1.5,0.4,0.3,0.1,0.1,0.3,1.4,0.3,0.7
1631098,Johnny Davis,NBA,2024-25,,,34,7.1,2.4,0.3,1.1,0.4,0.2,0.2,2.3,0.4,0.9
1626196,Josh Richardson,NBA,2024-25,,,8,18.7,4.0,1.5,1.5,1.0,0.1,1.0,4.8,0.5,2.8
1630165,Killian Hayes,NBA,2024-25,,,6,27.1,9.0,5.2,3.0,0.7,0.7,1.5,7.2,2.0,3.5
1630283,Kylor Kelley,NBA,2024-25,,,11,11.5,3.1,0.5,3.5,0.1,0.3,0.4,2.0,0.9,0.0
1641857,Liam Robbins,NBA,2024-25,,,13,4.4,0.7,0.2,0.9,0.2,0.2,0.5,0.6,0.8,0.2
1630201,Malachi Flynn,NBA,2024-25,,,4,10.9,4.0,1.8,1.8,0.8,0.0,1.0,3.3,1.5,1.0
1642502,Malevy Leons,NBA,2024-25,,,6,3.5,0.3,0.2,0.5,0.0,0.0,0.2,0.3,0.7,0.2
1630542,Marcus Bagley,NBA,2024-25,,,10,25.3,6.7,1.0,7.0,0.9,1.2,0.7,6.9,1.0,3.2
1630585,Marcus Garrett,NBA,2024-25,,,4,19.8,7.0,3.3,1.5,0.8,0.5,1.5,6.8,1.0,2.0
1630346,Matt Ryan,NBA,2024-25,,,19,3.6,1.5,0.2,0.4,0.1,0.0,0.2,1.6,0.1,1.0
1628964,Mo Bamba,NBA,2024-25,,,32,12.9,4.3,0.6,4.5,0.3,1.0,0.6,3.5,0.8,1.7
1629650,Moses Brown,NBA,2024-25,,,13,9.1,5.8,0.2,3.4,0.5,0.3,0.8,3.8,0.8,0.0
1631115,Orlando Robinson,NBA,2024-25,,,44,17.5,6.9,1.8,5.0,0.4,0.4,1.1,5.9,1.6,1.2
1629052,Oshae Brissett,NBA,2024-25,,,6,23.7,8.7,0.7,3.7,0.7,0.5,1.3,6.5,2.3,3.0
1628408,PJ Dozier,NBA,2024-25,,,9,3.9,0.8,0.6,0.6,0.1,0.0,0.1,0.3,0.7,0.3
1630762,Phillip Wheeler,NBA,2024-25,,,5,8.9,1.6,0.4,1.6,0.2,0.4,0.2,4.2,0.4,2.0
1642439,Quincy Olivari,NBA,2024-25,,,2,5.2,1.5,0.5,0.0,0.0,0.0,0.5,2.5,0.0,2.5
202704,Reggie Jackson,NBA,2024-25,,,31,12.4,4.4,1.5,1.4,0.5,0.1,0.5,4.3,0.3,2.4
1627746,Skal Labissiere,NBA,2024-25,,,4,3.0,1.3,0.3,0.8,0.0,0.0,0.0,1.0,0.0,0.3
1631386,Taze Moore,NBA,2024-25,,,2,9.9,3.0,0.5,4.0,1.0,0.0,1.0,5.0,1.0,2.0
1630678,Terry Taylor,NBA,2024-25,,,3,2.1,0.0,0.7,0.3,0.0,0.0,0.0,0.3,0.0,0.0
1641879,Yuri Collins,NBA,2024-25,,,2,8.2,1.0,2.0,1.5,1.0,0.0,0.0,1.5,0.0,0.0
1628297,Alexis Prince,WNBA,2025,,,1,22.1,2.0,1.0,8.0,0.0,0.0,3.0,3.0,0.0,1.0
204325,Crystal Bradford,WNBA,2025,,,4,6.0,1.0,0.3,1.3,0.5,0.0,0.3,1.5,0.0,0.5
1642295,Elizabeth Kitley,WNBA,2025,,,12,8.2,1.3,0.1,1.4,0.3,0.5,0.6,1.9,0.2,0.1
1642240,Jaelyn Brown,WNBA,2025,,,10,13.1,3.7,0.1,1.2,0.5,0.2,0.5,3.7,0.2,1.8
1630115,Joyner Holmes,WNBA,2025,,,6,4.8,1.2,0.0,1.0,0.0,0.0,0.3,2.0,0.0,0.8
1630154,Kamiah Smalls,WNBA,2025,,,3,1.1,0.0,0.0,0.0,0.0,0.0,0.0,0.0,0.0,0.0
1642773,Kariata Diaby,WNBA,2025,,,13,8.0,1.9,0.4,1.0,0.5,0.1,0.9,1.1,1.1,0.0
1628317,Karlie Samuelson,WNBA,2025,,,16,14.2,3.3,1.1,1.3,0.4,0.1,0.7,2.6,0.9,2.1
1642768,Kyara Linskens,WNBA,2025,,,4,6.7,1.0,0.3,1.5,0.3,0.8,0.5,1.3,0.0,0.3
1643154,Kyra Lambert,WNBA,2025,,,1,0.1,0.0,0.0,0.0,0.0,0.0,0.0,0.0,0.0,0.0
1642820,Liatu King,WNBA,2025,,,14,9.7,2.7,0.3,2.1,0.1,0.0,0.8,1.9,1.1,0.4
1642763,Marième Badiane,WNBA,2025,,,3,3.6,0.0,0.0,0.3,0.7,0.0,0.7,1.0,0.0,0.3
1642301,Marquesha Davis,WNBA,2025,,,11,4.7,0.9,0.1,0.6,0.0,0.2,0.5,0.9,0.6,0.4
1642799,Megan McConnell,WNBA,2025,,,1,12.6,3.0,3.0,1.0,1.0,0.0,0.0,4.0,0.0,2.0
1628920,Mercedes Russell,WNBA,2025,,,20,8.2,1.7,0.6,1.2,0.3,0.2,0.4,1.4,0.7,0.0
1627669,Moriah Jefferson,WNBA,2025,,,5,7.1,1.4,1.8,1.0,0.0,0.0,0.4,1.6,0.0,0.6
1642774,Murjanatu Musa,WNBA,2025,,,12,10.1,3.3,0.6,2.6,0.3,0.2,0.6,2.9,0.9,0.2
1641641,Robyn Parks,WNBA,2025,,,6,10.5,0.3,0.3,1.5,0.3,0.0,0.2,0.8,0.0,0.7
1642813,Serena Sundell,WNBA,2025,,,3,7.2,0.0,0.0,0.3,0.0,0.0,0.7,0.3,0.0,0.3
1629479,Teaira McCowan,WNBA,2025,,,17,12.9,5.6,0.6,4.6,0.3,0.7,0.9,3.9,1.7,0.1
1628304,Yvonne Anderson,WNBA,2025,,,1,12.4,0.0,2.0,1.0,2.0,0.0,0.0,3.0,0.0,1.0
