PLAYER_ID,PLAYER_NAME,TEAM_ID,TEAM_ABBREVIATION,AGE,NICKNAME,Restricted Area__FGM,Restricted Area__FGA,Restricted Area__FG_PCT,In The Paint (Non-RA)__FGM,In The Paint (Non-RA)__FGA,In The Paint (Non-RA)__FG_PCT,Mid-Range__FGM,Mid-Range__FGA,Mid-Range__FG_PCT,Left Corner 3__FGM,Left Corner 3__FGA,Left Corner 3__FG_PCT,Right Corner 3__FGM,Right Corner 3__FGA,Right Corner 3__FG_PCT,Above the Break 3__FGM,Above the Break 3__FGA,Above the Break 3__FG_PCT,Backcourt__FGM,Backcourt__FGA,Backcourt__FG_PCT,Corner 3__FGM,Corner 3__FGA,Corner 3__FG_PCT,league,season
1628932,A'ja Wilson,1611661319,LVA,29.0,A'ja,91.0,130.0,0.7,150.0,323.0,0.464,66.0,146.0,0.452,0.0,1.0,0.0,2.0,3.0,0.667,23,55,0.418,0.0,0.0,0.0,2.0,4.0,0.5,WNBA,2025
1642290,Aaliyah Edwards,1611661323,CON,23.0,Aaliyah,43.0,71.0,0.606,19.0,44.0,0.432,7.0,30.0,0.233,0.0,3.0,0.0,0.0,0.0,0.0,0,6,0.0,0.0,0.0,0.0,0.0,3.0,0.0,WNBA,2025
1642801,Aaliyah Nye,1611661319,LVA,23.0,Aaliyah,9.0,20.0,0.45,11.0,23.0,0.478,2.0,10.0,0.2,4.0,12.0,0.333,7.0,18.0,0.389,26,88,0.295,0.0,0.0,0.0,11.0,30.0,0.367,WNBA,2025
1630462,Aari McDonald,1611661325,IND,27.0,Aari,31.0,47.0,0.66,6.0,19.0,0.316,5.0,10.0,0.5,0.0,2.0,0.0,1.0,1.0,1.0,23,75,0.307,0.0,0.0,0.0,1.0,3.0,0.333,WNBA,2025
1627672,Aerial Powers,1611661325,IND,32.0,Aerial,11.0,16.0,0.688,5.0,17.0,0.294,4.0,13.0,0.308,0.0,0.0,0.0,0.0,1.0,0.0,7,18,0.389,0.0,0.0,0.0,0.0,1.0,0.0,WNBA,2025
1642828,Ajae Petty,1611661321,DAL,23.0,Ajae,0.0,0.0,0.0,0.0,0.0,0.0,0.0,0.0,0.0,,,,,,,0,0,0.0,,,,,,,WNBA,2025
1629501,Alanna Smith,1611661324,MIN,29.0,Alanna,87.0,131.0,0.664,11.0,21.0,0.524,9.0,17.0,0.529,8.0,17.0,0.471,4.0,7.0,0.571,41,137,0.299,0.0,0.0,0.0,12.0,24.0,0.5,WNBA,2025
1628297,Alexis Prince,1611661317,PHX,32.0,Alexis,0.0,0.0,0.0,1.0,1.0,1.0,0.0,1.0,0.0,0.0,0.0,0.0,0.0,0.0,0.0,0,1,0.0,0.0,0.0,0.0,,,,WNBA,2025
1642293,Alissa Pili,1611661320,LAS,25.0,Alissa,8.0,14.0,0.571,0.0,0.0,0.0,1.0,2.0,0.5,1.0,2.0,0.5,0.0,0.0,0.0,3,10,0.3,0.0,0.0,0.0,1.0,2.0,0.5,WNBA,2025
1641648,Aliyah Boston,1611661325,IND,24.0,Aliyah,158.0,256.0,0.617,76.0,161.0,0.472,31.0,58.0,0.534,0.0,2.0,0.0,0.0,1.0,0.0,6,25,0.24,0.0,1.0,0.0,0.0,3.0,0.0,WNBA,2025
1628277,Allisha Gray,1611661330,ATL,31.0,Allisha,90.0,147.0,0.612,45.0,110.0,0.409,13.0,34.0,0.382,0.0,4.0,0.0,1.0,5.0,0.2,97,246,0.394,0.0,0.0,0.0,1.0,9.0,0.111,WNBA,2025
202252,Alysha Clark,1611661322,WAS,38.0,Alysha,16.0,27.0,0.593,16.0,27.0,0.593,1.0,9.0,0.111,5.0,16.0,0.313,3.0,7.0,0.429,18,73,0.247,0.0,0.0,0.0,8.0,23.0,0.348,WNBA,2025
203826,Alyssa Thomas,1611661317,PHX,34.0,Alyssa,109.0,162.0,0.673,102.0,221.0,0.462,30.0,64.0,0.469,0.0,0.0,0.0,0.0,0.0,0.0,0,5,0.0,0.0,1.0,0.0,,,,WNBA,2025
1629539,Amy Okonkwo,1611661321,DAL,29.0,Amy,12.0,15.0,0.8,6.0,13.0,0.462,2.0,3.0,0.667,0.0,0.0,0.0,1.0,1.0,1.0,9,29,0.31,0.0,0.0,0.0,1.0,1.0,1.0,WNBA,2025
1642797,Anastasiia Olairi Kosu,1611661324,MIN,21.0,Anastasiia Olairi,11.0,16.0,0.688,2.0,11.0,0.182,0.0,0.0,0.0,0.0,0.0,0.0,0.0,1.0,0.0,0,1,0.0,0.0,0.0,0.0,0.0,1.0,0.0,WNBA,2025
1642800,Aneesah Morrow,1611661323,CON,23.0,Aneesah,59.0,116.0,0.509,21.0,65.0,0.323,14.0,43.0,0.326,0.0,2.0,0.0,0.0,3.0,0.0,18,70,0.257,0.0,0.0,0.0,0.0,5.0,0.0,WNBA,2025
1642291,Angel Reese,1611661329,CHI,24.0,Angel,116.0,229.0,0.507,28.0,70.0,0.4,5.0,13.0,0.385,0.0,2.0,0.0,0.0,1.0,0.0,4,19,0.211,0.0,0.0,0.0,0.0,3.0,0.0,WNBA,2025
1628878,Ariel Atkins,1611661329,CHI,29.0,Ariel,22.0,45.0,0.489,45.0,86.0,0.523,52.0,115.0,0.452,3.0,7.0,0.429,4.0,7.0,0.571,36,104,0.346,0.0,1.0,0.0,7.0,14.0,0.5,WNBA,2025
1629481,Arike Ogunbowale,1611661321,DAL,29.0,Arike,26.0,48.0,0.542,36.0,85.0,0.424,37.0,113.0,0.327,4.0,8.0,0.5,0.0,0.0,0.0,44,150,0.293,0.0,0.0,0.0,4.0,8.0,0.5,WNBA,2025
1642793,Aziaha James,1611661321,DAL,23.0,Aziaha,33.0,48.0,0.688,33.0,80.0,0.413,8.0,44.0,0.182,6.0,17.0,0.353,1.0,6.0,0.167,25,86,0.291,0.0,3.0,0.0,7.0,23.0,0.304,WNBA,2025
1628922,Azura Stevens,1611661320,LAS,30.0,Azura,97.0,149.0,0.651,22.0,57.0,0.386,11.0,27.0,0.407,10.0,17.0,0.588,7.0,18.0,0.389,57,159,0.358,0.0,0.0,0.0,17.0,35.0,0.486,WNBA,2025
1627668,Breanna Stewart,1611661313,NYL,31.0,Breanna,91.0,122.0,0.746,63.0,147.0,0.429,13.0,52.0,0.25,1.0,5.0,0.2,1.0,5.0,0.2,19,77,0.247,0.0,0.0,0.0,2.0,10.0,0.2,WNBA,2025
1642788,Bree Hall,1611661325,IND,23.0,Bree,1.0,1.0,1.0,0.0,1.0,0.0,0.0,1.0,0.0,0.0,0.0,0.0,0.0,0.0,0.0,0,2,0.0,0.0,0.0,0.0,,,,WNBA,2025
203829,Bria Hartley,1611661323,CON,33.0,Bria,25.0,57.0,0.439,6.0,40.0,0.15,21.0,49.0,0.429,1.0,8.0,0.125,4.0,6.0,0.667,49,131,0.374,0.0,2.0,0.0,5.0,14.0,0.357,WNBA,2025
1629488,Brianna Turner,1611661325,IND,29.0,Brianna,11.0,22.0,0.5,2.0,4.0,0.5,0.0,5.0,0.0,0.0,1.0,0.0,0.0,0.0,0.0,0,0,0.0,0.0,0.0,0.0,0.0,1.0,0.0,WNBA,2025
1629524,Bridget Carleton,1611661324,MIN,29.0,Bridget,16.0,28.0,0.571,10.0,28.0,0.357,13.0,29.0,0.448,9.0,18.0,0.5,5.0,13.0,0.385,49,138,0.355,0.0,0.0,0.0,14.0,31.0,0.452,WNBA,2025
1628280,Brionna Jones,1611661330,ATL,30.0,Brionna,163.0,261.0,0.625,42.0,96.0,0.438,8.0,24.0,0.333,0.0,1.0,0.0,0.0,0.0,0.0,12,45,0.267,0.0,0.0,0.0,0.0,1.0,0.0,WNBA,2025
203398,Brittney Griner,1611661330,ATL,35.0,Brittney,70.0,100.0,0.7,58.0,115.0,0.504,23.0,67.0,0.343,0.0,1.0,0.0,0.0,0.0,0.0,5,18,0.278,0.0,0.0,0.0,0.0,1.0,0.0,WNBA,2025
1628279,Brittney Sykes,1611661328,SEA,32.0,Brittney,95.0,156.0,0.609,33.0,114.0,0.289,15.0,85.0,0.176,5.0,14.0,0.357,1.0,7.0,0.143,25,81,0.309,0.0,0.0,0.0,6.0,21.0,0.286,WNBA,2025
1642286,Caitlin Clark,1611661325,IND,24.0,Caitlin,20.0,37.0,0.541,15.0,27.0,0.556,8.0,28.0,0.286,1.0,1.0,1.0,0.0,0.0,0.0,28,103,0.272,0.0,0.0,0.0,1.0,1.0,1.0,WNBA,2025
1642287,Cameron Brink,1611661320,LAS,24.0,Cameron,20.0,27.0,0.741,4.0,15.0,0.267,1.0,6.0,0.167,1.0,3.0,0.333,3.0,10.0,0.3,6,19,0.316,0.0,2.0,0.0,4.0,13.0,0.308,WNBA,2025
1642344,Camryn Taylor,1611661324,MIN,26.0,Camryn,0.0,2.0,0.0,0.0,1.0,0.0,0.0,1.0,0.0,0.0,0.0,0.0,0.0,0.0,0.0,1,3,0.333,0.0,0.0,0.0,,,,WNBA,2025
1642304,Carla Leite,1611661331,GSV,22.0,Carla,23.0,35.0,0.657,39.0,75.0,0.52,11.0,37.0,0.297,1.0,4.0,0.25,0.0,1.0,0.0,12,68,0.176,0.0,2.0,0.0,1.0,5.0,0.2,WNBA,2025
1628508,Cecilia Zandalasini,1611661331,GSV,30.0,Cecilia,8.0,12.0,0.667,11.0,24.0,0.458,11.0,23.0,0.478,0.0,1.0,0.0,0.0,1.0,0.0,37,88,0.42,0.0,1.0,0.0,0.0,2.0,0.0,WNBA,2025
203833,Chelsea Gray,1611661319,LVA,33.0,Chelsea,21.0,28.0,0.75,35.0,78.0,0.449,50.0,108.0,0.463,3.0,9.0,0.333,2.0,4.0,0.5,58,158,0.367,0.0,0.0,0.0,5.0,13.0,0.385,WNBA,2025
204323,Cheyenne Parker-Tyus,1611661319,LVA,33.0,Cheyenne,1.0,1.0,1.0,2.0,3.0,0.667,1.0,2.0,0.5,0.0,0.0,0.0,,,,1,2,0.5,0.0,0.0,0.0,,,,WNBA,2025
1631064,Chloe Bibby,1611661325,IND,28.0,Chloe,1.0,1.0,1.0,1.0,4.0,0.25,2.0,8.0,0.25,2.0,5.0,0.4,2.0,4.0,0.5,13,33,0.394,0.0,0.0,0.0,4.0,9.0,0.444,WNBA,2025
1631090,Christyn Williams,1611661321,DAL,26.0,Christyn,1.0,2.0,0.5,2.0,7.0,0.286,2.0,3.0,0.667,0.0,0.0,0.0,0.0,0.0,0.0,1,4,0.25,0.0,0.0,0.0,,,,WNBA,2025
202664,Courtney Vandersloot,1611661329,CHI,37.0,Courtney,10.0,17.0,0.588,8.0,16.0,0.5,6.0,10.0,0.6,0.0,1.0,0.0,1.0,2.0,0.5,4,20,0.2,0.0,0.0,0.0,1.0,3.0,0.333,WNBA,2025
1627675,Courtney Williams,1611661324,MIN,32.0,Courtney,37.0,62.0,0.597,33.0,72.0,0.458,120.0,297.0,0.404,0.0,2.0,0.0,1.0,4.0,0.25,57,143,0.399,0.0,0.0,0.0,1.0,6.0,0.167,WNBA,2025
204325,Crystal Bradford,1611661319,LVA,32.0,Crystal,1.0,1.0,1.0,1.0,2.0,0.5,0.0,1.0,0.0,0.0,0.0,0.0,0.0,0.0,0.0,0,2,0.0,0.0,0.0,0.0,,,,WNBA,2025
203024,Damiris Dantas,1611661325,IND,33.0,Damiris,19.0,25.0,0.76,13.0,39.0,0.333,6.0,22.0,0.273,1.0,5.0,0.2,0.0,0.0,0.0,24,90,0.267,0.0,0.0,0.0,1.0,5.0,0.2,WNBA,2025
1630389,Dana Evans,1611661319,LVA,27.0,Dana,12.0,33.0,0.364,34.0,93.0,0.366,24.0,48.0,0.5,2.0,5.0,0.4,1.0,5.0,0.2,34,90,0.378,0.0,1.0,0.0,3.0,10.0,0.3,WNBA,2025
201886,DeWanna Bonner,1611661317,PHX,38.0,DeWanna,43.0,70.0,0.614,10.0,30.0,0.333,12.0,37.0,0.324,9.0,12.0,0.75,6.0,20.0,0.3,25,87,0.287,0.0,1.0,0.0,15.0,32.0,0.469,WNBA,2025
204324,Dearica Hamby,1611661320,LAS,32.0,Dearica,254.0,360.0,0.706,51.0,146.0,0.349,4.0,6.0,0.667,0.0,2.0,0.0,1.0,3.0,0.333,14,47,0.298,0.0,2.0,0.0,1.0,5.0,0.2,WNBA,2025
1630096,DiJonai Carrington,1611661324,MIN,28.0,DiJonai,51.0,98.0,0.52,26.0,81.0,0.321,7.0,26.0,0.269,2.0,3.0,0.667,2.0,2.0,1.0,19,64,0.297,0.0,3.0,0.0,4.0,5.0,0.8,WNBA,2025
1641649,Diamond Miller,1611661321,DAL,25.0,Diamond,31.0,47.0,0.66,4.0,26.0,0.154,2.0,10.0,0.2,1.0,2.0,0.5,1.0,3.0,0.333,15,46,0.326,0.0,0.0,0.0,2.0,5.0,0.4,WNBA,2025
1642798,Dominique Malonga,1611661328,SEA,20.0,Dominique,92.0,131.0,0.702,39.0,91.0,0.429,10.0,23.0,0.435,0.0,0.0,0.0,0.0,0.0,0.0,4,18,0.222,0.0,0.0,0.0,,,,WNBA,2025
1642295,Elizabeth Kitley,1611661319,LVA,24.0,Elizabeth,4.0,8.0,0.5,3.0,11.0,0.273,0.0,3.0,0.0,0.0,0.0,0.0,0.0,0.0,0.0,0,1,0.0,0.0,0.0,0.0,,,,WNBA,2025
204322,Elizabeth Williams,1611661329,CHI,33.0,Elizabeth,99.0,165.0,0.6,48.0,129.0,0.372,10.0,33.0,0.303,0.0,0.0,0.0,0.0,0.0,0.0,0,0,0.0,0.0,0.0,0.0,,,,WNBA,2025
1631083,Emily Engstler,1611661322,WAS,26.0,Emily,28.0,35.0,0.8,7.0,28.0,0.25,2.0,8.0,0.25,3.0,7.0,0.429,1.0,10.0,0.1,12,45,0.267,0.0,1.0,0.0,4.0,17.0,0.235,WNBA,2025
1628242,Emma Cannon,1611661320,LAS,37.0,Emma,14.0,16.0,0.875,3.0,6.0,0.5,1.0,5.0,0.2,1.0,3.0,0.333,3.0,4.0,0.75,10,29,0.345,0.0,0.0,0.0,4.0,7.0,0.571,WNBA,2025
203416,Emma Meesseman,1611661313,NYL,33.0,Emma,29.0,40.0,0.725,32.0,55.0,0.582,16.0,43.0,0.372,2.0,3.0,0.667,0.0,0.0,0.0,12,18,0.667,0.0,0.0,0.0,2.0,3.0,0.667,WNBA,2025
204365,Erica Wheeler,1611661328,SEA,35.0,Erica,33.0,53.0,0.623,29.0,79.0,0.367,30.0,84.0,0.357,6.0,14.0,0.429,1.0,3.0,0.333,69,184,0.375,0.0,3.0,0.0,7.0,17.0,0.412,WNBA,2025
1629496,Ezi Magbegor,1611661328,SEA,26.0,Ezi,84.0,134.0,0.627,38.0,91.0,0.418,5.0,13.0,0.385,0.0,3.0,0.0,0.0,3.0,0.0,14,42,0.333,0.0,0.0,0.0,0.0,6.0,0.0,WNBA,2025
1628931,Gabby Williams,1611661328,SEA,29.0,Gabby,83.0,123.0,0.675,35.0,102.0,0.343,30.0,80.0,0.375,6.0,16.0,0.375,3.0,7.0,0.429,41,141,0.291,0.0,0.0,0.0,9.0,23.0,0.391,WNBA,2025
1641658,Grace Berger,1611661321,DAL,27.0,Grace,12.0,23.0,0.522,11.0,30.0,0.367,1.0,13.0,0.077,0.0,2.0,0.0,1.0,2.0,0.5,1,18,0.056,0.0,1.0,0.0,1.0,4.0,0.25,WNBA,2025
1642817,Hailey Van Lith,1611661329,CHI,24.0,Hailey,14.0,29.0,0.483,10.0,24.0,0.417,8.0,25.0,0.32,0.0,1.0,0.0,0.0,2.0,0.0,5,27,0.185,0.0,1.0,0.0,0.0,3.0,0.0,WNBA,2025
1641650,Haley Jones,1611661321,DAL,25.0,Haley,42.0,70.0,0.6,26.0,64.0,0.406,5.0,15.0,0.333,0.0,2.0,0.0,0.0,1.0,0.0,12,35,0.343,0.0,1.0,0.0,0.0,3.0,0.0,WNBA,2025
203863,Haley Peters,1611661323,CON,33.0,Haley,11.0,18.0,0.611,2.0,13.0,0.154,4.0,12.0,0.333,0.0,2.0,0.0,0.0,1.0,0.0,8,36,0.222,0.0,0.0,0.0,0.0,3.0,0.0,WNBA,2025
1630387,Iliana Rupert,1611661331,GSV,24.0,Iliana,10.0,16.0,0.625,9.0,22.0,0.409,2.0,11.0,0.182,4.0,9.0,0.444,4.0,8.0,0.5,38,87,0.437,0.0,0.0,0.0,8.0,17.0,0.471,WNBA,2025
204330,Isabelle Harrison,1611661313,NYL,32.0,Isabelle,34.0,50.0,0.68,21.0,51.0,0.412,6.0,18.0,0.333,0.0,1.0,0.0,1.0,2.0,0.5,3,12,0.25,0.0,0.0,0.0,1.0,3.0,0.333,WNBA,2025
1642808,JJ Quinerly,1611661321,DAL,23.0,JJ,34.0,58.0,0.586,19.0,60.0,0.317,6.0,16.0,0.375,1.0,2.0,0.5,2.0,2.0,1.0,18,49,0.367,0.0,1.0,0.0,3.0,4.0,0.75,WNBA,2025
1629498,Jackie Young,1611661319,LVA,28.0,Jackie,64.0,92.0,0.696,90.0,181.0,0.497,26.0,51.0,0.51,2.0,6.0,0.333,2.0,4.0,0.5,76,212,0.358,0.0,1.0,0.0,4.0,10.0,0.4,WNBA,2025
1642292,Jacy Sheldon,1611661322,WAS,25.0,Jacy,29.0,37.0,0.784,6.0,21.0,0.286,12.0,29.0,0.414,5.0,10.0,0.5,5.0,6.0,0.833,26,73,0.356,0.0,2.0,0.0,10.0,16.0,0.625,WNBA,2025
1631141,Jade Melbourne,1611661322,WAS,23.0,Jade,38.0,74.0,0.514,23.0,45.0,0.511,3.0,11.0,0.273,5.0,15.0,0.333,2.0,4.0,0.5,19,74,0.257,0.0,2.0,0.0,7.0,19.0,0.368,WNBA,2025
1642240,Jaelyn Brown,1611661323,CON,27.0,Jaelyn,2.0,4.0,0.5,0.0,3.0,0.0,4.0,12.0,0.333,1.0,3.0,0.333,1.0,1.0,1.0,6,14,0.429,0.0,0.0,0.0,2.0,4.0,0.5,WNBA,2025
1642767,Janelle Salaun,1611661331,GSV,24.0,Janelle,33.0,49.0,0.673,16.0,45.0,0.356,35.0,96.0,0.365,8.0,16.0,0.5,2.0,18.0,0.111,53,137,0.387,0.0,1.0,0.0,10.0,34.0,0.294,WNBA,2025
1642320,Jaylyn Sherrod,1611661324,MIN,24.0,Jaylyn,5.0,7.0,0.714,1.0,5.0,0.2,0.0,3.0,0.0,0.0,3.0,0.0,0.0,1.0,0.0,3,9,0.333,0.0,0.0,0.0,0.0,4.0,0.0,WNBA,2025
1629491,Jessica Shepard,1611661324,MIN,29.0,Jessica,104.0,138.0,0.754,21.0,47.0,0.447,7.0,21.0,0.333,0.0,0.0,0.0,0.0,0.0,0.0,0,1,0.0,0.0,0.0,0.0,,,,WNBA,2025
204319,Jewell Loyd,1611661319,LVA,32.0,Jewell,18.0,40.0,0.45,31.0,71.0,0.437,17.0,54.0,0.315,25.0,50.0,0.5,7.0,17.0,0.412,68,194,0.351,0.0,1.0,0.0,32.0,67.0,0.478,WNBA,2025
1627673,Jonquel Jones,1611661313,NYL,32.0,Jonquel,63.0,95.0,0.663,21.0,59.0,0.356,13.0,27.0,0.481,4.0,6.0,0.667,2.0,9.0,0.222,47,110,0.427,0.0,0.0,0.0,6.0,15.0,0.4,WNBA,2025
1628886,Jordin Canada,1611661330,ATL,30.0,Jordin,49.0,100.0,0.49,29.0,72.0,0.403,5.0,15.0,0.333,1.0,6.0,0.167,0.0,1.0,0.0,24,76,0.316,0.0,3.0,0.0,1.0,7.0,0.143,WNBA,2025
1630115,Joyner Holmes,1611661319,LVA,28.0,Joyner,0.0,1.0,0.0,2.0,3.0,0.667,0.0,3.0,0.0,0.0,0.0,0.0,0.0,1.0,0.0,1,4,0.25,0.0,0.0,0.0,0.0,1.0,0.0,WNBA,2025
1627700,Julie Allemand,1611661320,LAS,29.0,Julie,37.0,48.0,0.771,3.0,6.0,0.5,2.0,4.0,0.5,1.0,9.0,0.111,0.0,3.0,0.0,27,89,0.303,0.0,0.0,0.0,1.0,12.0,0.083,WNBA,2025
1642210,Julie Vanloo,1611661320,LAS,33.0,Julie,2.0,6.0,0.333,5.0,8.0,0.625,1.0,5.0,0.2,2.0,2.0,1.0,0.0,1.0,0.0,23,88,0.261,0.0,1.0,0.0,2.0,3.0,0.667,WNBA,2025
1627674,Kahleah Copper,1611661317,PHX,31.0,Kahleah,59.0,102.0,0.578,23.0,64.0,0.359,14.0,44.0,0.318,7.0,17.0,0.412,1.0,1.0,1.0,49,133,0.368,0.0,0.0,0.0,8.0,18.0,0.444,WNBA,2025
1630097,Kaila Charles,1611661331,GSV,28.0,Kaila,26.0,48.0,0.542,20.0,49.0,0.408,8.0,19.0,0.421,1.0,4.0,0.25,4.0,9.0,0.444,20,59,0.339,0.0,0.0,0.0,5.0,13.0,0.385,WNBA,2025
1642822,Kaitlyn Chen,1611661331,GSV,24.0,Kaitlyn,6.0,11.0,0.545,7.0,18.0,0.389,1.0,6.0,0.167,0.0,2.0,0.0,1.0,1.0,1.0,4,11,0.364,0.0,1.0,0.0,1.0,3.0,0.333,WNBA,2025
1629480,Kalani Brown,1611661317,PHX,29.0,Kalani,44.0,68.0,0.647,10.0,15.0,0.667,2.0,5.0,0.4,0.0,2.0,0.0,0.0,0.0,0.0,3,6,0.5,0.0,0.0,0.0,0.0,2.0,0.0,WNBA,2025
1630154,Kamiah Smalls,1611661330,ATL,28.0,Kamiah,0.0,0.0,0.0,,,,0.0,0.0,0.0,0.0,0.0,0.0,,,,0,0,0.0,0.0,0.0,0.0,,,,WNBA,2025
1642289,Kamilla Cardoso,1611661329,CHI,25.0,Kamilla,166.0,285.0,0.582,48.0,117.0,0.41,8.0,18.0,0.444,0.0,0.0,0.0,1.0,1.0,1.0,0,1,0.0,0.0,0.0,0.0,1.0,1.0,1.0,WNBA,2025
1642773,Kariata Diaby,1611661323,CON,31.0,Kariata,5.0,9.0,0.556,1.0,3.0,0.333,1.0,2.0,0.5,0.0,0.0,0.0,0.0,0.0,0.0,0,0,0.0,0.0,0.0,0.0,,,,WNBA,2025
1628317,Karlie Samuelson,1611661324,MIN,31.0,Karlie,1.0,2.0,0.5,1.0,3.0,0.333,0.0,3.0,0.0,1.0,2.0,0.5,3.0,3.0,1.0,8,29,0.276,0.0,0.0,0.0,4.0,5.0,0.8,WNBA,2025
1642324,Kate Martin,1611661331,GSV,26.0,Kate,13.0,29.0,0.448,12.0,37.0,0.324,4.0,16.0,0.25,3.0,13.0,0.231,7.0,20.0,0.35,47,151,0.311,0.0,0.0,0.0,10.0,33.0,0.303,WNBA,2025
1628957,Kathryn Westbeld,1611661317,PHX,30.0,Kathryn,24.0,47.0,0.511,9.0,28.0,0.321,2.0,9.0,0.222,6.0,20.0,0.3,1.0,9.0,0.111,35,102,0.343,0.0,0.0,0.0,7.0,29.0,0.241,WNBA,2025
203825,Kayla McBride,1611661324,MIN,34.0,Kayla,30.0,50.0,0.6,22.0,53.0,0.415,23.0,64.0,0.359,6.0,15.0,0.4,6.0,10.0,0.6,91,236,0.386,0.0,0.0,0.0,12.0,25.0,0.48,WNBA,2025
203866,Kayla Thornton,1611661331,GSV,33.0,Kayla,22.0,42.0,0.524,32.0,66.0,0.485,6.0,26.0,0.231,3.0,15.0,0.2,1.0,8.0,0.125,36,118,0.305,0.0,1.0,0.0,4.0,23.0,0.174,WNBA,2025
1628909,Kelsey Mitchell,1611661325,IND,30.0,Kelsey,124.0,208.0,0.596,36.0,80.0,0.45,44.0,121.0,0.364,3.0,6.0,0.5,7.0,15.0,0.467,101,261,0.387,0.0,0.0,0.0,10.0,21.0,0.476,WNBA,2025
1628276,Kelsey Plum,1611661320,LAS,31.0,Kelsey,87.0,141.0,0.617,63.0,161.0,0.391,12.0,37.0,0.324,4.0,5.0,0.8,11.0,22.0,0.5,84,251,0.335,0.0,1.0,0.0,15.0,27.0,0.556,WNBA,2025
1629568,Kennedy Burke,1611661313,NYL,29.0,Kennedy,44.0,65.0,0.677,11.0,38.0,0.289,1.0,4.0,0.25,6.0,10.0,0.6,2.0,7.0,0.286,38,94,0.404,0.0,0.0,0.0,8.0,17.0,0.471,WNBA,2025
1628915,Kia Nurse,1611661329,CHI,30.0,Kia,20.0,40.0,0.5,10.0,34.0,0.294,12.0,35.0,0.343,1.0,11.0,0.091,7.0,13.0,0.538,53,158,0.335,0.0,0.0,0.0,8.0,24.0,0.333,WNBA,2025
204329,Kiah Stokes,1611661319,LVA,33.0,Kiah,8.0,16.0,0.5,7.0,10.0,0.7,0.0,2.0,0.0,0.0,5.0,0.0,2.0,11.0,0.182,1,7,0.143,0.0,0.0,0.0,2.0,16.0,0.125,WNBA,2025
1630461,Kiana Williams,1611661317,PHX,27.0,Kiana,1.0,4.0,0.25,4.0,5.0,0.8,3.0,5.0,0.6,0.0,0.0,0.0,0.0,0.0,0.0,9,26,0.346,0.0,0.0,0.0,,,,WNBA,2025
1631006,Kierstan Bell,1611661319,LVA,26.0,Kierstan,12.0,16.0,0.75,4.0,19.0,0.211,6.0,16.0,0.375,0.0,2.0,0.0,4.0,6.0,0.667,26,94,0.277,0.0,1.0,0.0,4.0,8.0,0.5,WNBA,2025
1642792,Kiki Iriafen,1611661322,WAS,22.0,Kiki,147.0,231.0,0.636,36.0,108.0,0.333,37.0,105.0,0.352,0.0,0.0,0.0,0.0,0.0,0.0,2,11,0.182,0.0,0.0,0.0,,,,WNBA,2025
1629490,Kitija Laksa,1611661317,PHX,30.0,Kitija,9.0,11.0,0.818,5.0,15.0,0.333,14.0,34.0,0.412,6.0,11.0,0.545,4.0,8.0,0.5,28,100,0.28,0.0,1.0,0.0,10.0,19.0,0.526,WNBA,2025
1642768,Kyara Linskens,1611661331,GSV,29.0,Kyara,1.0,3.0,0.333,1.0,1.0,1.0,0.0,0.0,0.0,0.0,0.0,0.0,0.0,0.0,0.0,0,1,0.0,0.0,0.0,0.0,,,,WNBA,2025
1643154,Kyra Lambert,1611661325,IND,29.0,Kyra,,,,,,,,,,,,,,,,0,0,0.0,,,,,,,WNBA,2025
1641656,Laeticia Amihere,1611661331,GSV,24.0,Laeticia,34.0,51.0,0.667,14.0,40.0,0.35,1.0,2.0,0.5,1.0,4.0,0.25,0.0,2.0,0.0,2,14,0.143,0.0,1.0,0.0,1.0,6.0,0.167,WNBA,2025
1642303,Leila Lacan,1611661323,CON,22.0,Leila,49.0,69.0,0.71,23.0,43.0,0.535,17.0,39.0,0.436,2.0,2.0,1.0,1.0,1.0,1.0,12,62,0.194,0.0,2.0,0.0,3.0,3.0,1.0,WNBA,2025
1630142,Leonie Fiebich,1611661313,NYL,26.0,Leonie,38.0,58.0,0.655,13.0,30.0,0.433,6.0,13.0,0.462,8.0,13.0,0.615,7.0,12.0,0.583,36,95,0.379,0.0,0.0,0.0,15.0,25.0,0.6,WNBA,2025
1631118,Lexi Held,1611661317,PHX,26.0,Lexi,13.0,24.0,0.542,9.0,23.0,0.391,12.0,26.0,0.462,1.0,7.0,0.143,3.0,5.0,0.6,24,78,0.308,0.0,1.0,0.0,4.0,12.0,0.333,WNBA,2025
1628882,Lexie Brown,1611661328,SEA,31.0,Lexie,5.0,6.0,0.833,0.0,2.0,0.0,2.0,3.0,0.667,2.0,5.0,0.4,0.0,1.0,0.0,8,31,0.258,0.0,0.0,0.0,2.0,6.0,0.333,WNBA,2025
1631086,Lexie Hull,1611661325,IND,26.0,Lexie,31.0,67.0,0.463,16.0,47.0,0.34,16.0,35.0,0.457,11.0,31.0,0.355,8.0,22.0,0.364,36,97,0.371,0.0,0.0,0.0,19.0,53.0,0.358,WNBA,2025
1629574,Li Yueru,1611661321,DAL,27.0,Li,25.0,54.0,0.463,9.0,27.0,0.333,8.0,17.0,0.471,1.0,2.0,0.5,0.0,1.0,0.0,19,51,0.373,0.0,1.0,0.0,1.0,3.0,0.333,WNBA,2025
1642820,Liatu King,1611661321,DAL,24.0,Liatu,7.0,7.0,1.0,5.0,13.0,0.385,0.0,1.0,0.0,0.0,0.0,0.0,0.0,0.0,0.0,1,6,0.167,0.0,0.0,0.0,,,,WNBA,2025
1628263,Lindsay Allen,1611661323,CON,31.0,Lindsay,12.0,18.0,0.667,6.0,21.0,0.286,5.0,8.0,0.625,0.0,2.0,0.0,0.0,0.0,0.0,3,16,0.188,0.0,0.0,0.0,0.0,2.0,0.0,WNBA,2025
1642802,Lucy Olsen,1611661322,WAS,23.0,Lucy,11.0,14.0,0.786,12.0,29.0,0.414,24.0,46.0,0.522,2.0,7.0,0.286,2.0,6.0,0.333,15,57,0.263,0.0,0.0,0.0,4.0,13.0,0.308,WNBA,2025
1630143,Luisa Geiselsoder,1611661321,DAL,26.0,Luisa,19.0,24.0,0.792,13.0,34.0,0.382,13.0,27.0,0.481,2.0,6.0,0.333,2.0,4.0,0.5,27,84,0.321,0.0,0.0,0.0,4.0,10.0,0.4,WNBA,2025
1642307,Mackenzie Holmes,1611661328,SEA,25.0,Mackenzie,3.0,3.0,1.0,2.0,2.0,1.0,0.0,2.0,0.0,0.0,0.0,0.0,0.0,0.0,0.0,0,0,0.0,0.0,0.0,0.0,,,,WNBA,2025
1641652,Maddy Siegrist,1611661321,DAL,26.0,Maddy,56.0,81.0,0.691,35.0,73.0,0.479,15.0,34.0,0.441,2.0,13.0,0.154,0.0,0.0,0.0,24,67,0.358,0.0,1.0,0.0,2.0,13.0,0.154,WNBA,2025
1642818,Maddy Westbeld,1611661329,CHI,24.0,Maddy,3.0,14.0,0.214,9.0,24.0,0.375,9.0,24.0,0.375,0.0,3.0,0.0,1.0,1.0,1.0,16,39,0.41,0.0,0.0,0.0,1.0,4.0,0.25,WNBA,2025
1642810,Madison Scott,1611661322,WAS,24.0,Madison,2.0,5.0,0.4,1.0,2.0,0.5,2.0,3.0,0.667,0.0,0.0,0.0,0.0,1.0,0.0,0,0,0.0,0.0,0.0,0.0,0.0,1.0,0.0,WNBA,2025
1642815,Makayla Timpson,1611661325,IND,23.0,Makayla,23.0,36.0,0.639,9.0,20.0,0.45,0.0,1.0,0.0,0.0,0.0,0.0,0.0,0.0,0.0,0,0,0.0,0.0,0.0,0.0,,,,WNBA,2025
1642841,Mamignan Toure,1611661323,CON,31.0,Mamignan,4.0,6.0,0.667,1.0,6.0,0.167,1.0,5.0,0.2,2.0,7.0,0.286,0.0,0.0,0.0,6,15,0.4,0.0,0.0,0.0,2.0,7.0,0.286,WNBA,2025
1628926,Maria Kliundikova,1611661324,MIN,27.0,Maria,43.0,62.0,0.694,8.0,26.0,0.308,5.0,15.0,0.333,0.0,1.0,0.0,0.0,2.0,0.0,8,22,0.364,0.0,0.0,0.0,0.0,3.0,0.0,WNBA,2025
1629497,Marina Mabrey,1611661323,CON,29.0,Marina,50.0,80.0,0.625,33.0,76.0,0.434,30.0,88.0,0.341,5.0,7.0,0.714,0.0,3.0,0.0,61,234,0.261,0.0,0.0,0.0,5.0,10.0,0.5,WNBA,2025
1629546,Marine Johannes,1611661313,NYL,31.0,Marine,15.0,21.0,0.714,10.0,25.0,0.4,10.0,17.0,0.588,5.0,13.0,0.385,3.0,7.0,0.429,57,166,0.343,0.0,3.0,0.0,8.0,20.0,0.4,WNBA,2025
1642763,Marième Badiane,1611661324,MIN,31.0,Marième,0.0,2.0,0.0,0.0,0.0,0.0,0.0,0.0,0.0,,,,0.0,0.0,0.0,0,1,0.0,0.0,0.0,0.0,,,,WNBA,2025
1642301,Marquesha Davis,1611661329,CHI,25.0,Marquesha,0.0,1.0,0.0,1.0,1.0,1.0,1.0,4.0,0.25,0.0,0.0,0.0,0.0,2.0,0.0,0,2,0.0,0.0,0.0,0.0,0.0,2.0,0.0,WNBA,2025
1630471,Maya Caldwell,1611661330,ATL,27.0,Maya,28.0,44.0,0.636,9.0,23.0,0.391,7.0,18.0,0.389,11.0,22.0,0.5,2.0,9.0,0.222,26,79,0.329,0.0,0.0,0.0,13.0,31.0,0.419,WNBA,2025
1629484,Megan DiLeo,1611661319,LVA,29.0,Megan,4.0,5.0,0.8,3.0,11.0,0.273,0.0,2.0,0.0,2.0,5.0,0.4,2.0,5.0,0.4,9,29,0.31,0.0,0.0,0.0,4.0,10.0,0.4,WNBA,2025
1642799,Megan McConnell,1611661317,PHX,24.0,Megan,0.0,2.0,0.0,0.0,0.0,0.0,0.0,0.0,0.0,0.0,0.0,0.0,0.0,0.0,0.0,1,2,0.5,0.0,0.0,0.0,,,,WNBA,2025
1628920,Mercedes Russell,1611661320,LAS,30.0,Mercedes,5.0,10.0,0.5,7.0,15.0,0.467,0.0,2.0,0.0,0.0,0.0,0.0,0.0,0.0,0.0,0,0,0.0,0.0,0.0,0.0,,,,WNBA,2025
1630446,Michaela Onyenwere,1611661329,CHI,26.0,Michaela,40.0,68.0,0.588,19.0,58.0,0.328,6.0,17.0,0.353,6.0,16.0,0.375,3.0,3.0,1.0,15,49,0.306,0.0,0.0,0.0,9.0,19.0,0.474,WNBA,2025
1642777,Monique Akoa Makani,1611661317,PHX,25.0,Monique,23.0,43.0,0.535,18.0,43.0,0.419,24.0,56.0,0.429,4.0,11.0,0.364,6.0,17.0,0.353,39,94,0.415,0.0,1.0,0.0,10.0,28.0,0.357,WNBA,2025
1628881,Monique Billings,1611661331,GSV,30.0,Monique,35.0,47.0,0.745,20.0,55.0,0.364,7.0,13.0,0.538,3.0,6.0,0.5,2.0,8.0,0.25,5,22,0.227,0.0,0.0,0.0,5.0,14.0,0.357,WNBA,2025
1627669,Moriah Jefferson,1611661329,CHI,32.0,Moriah,0.0,0.0,0.0,1.0,1.0,1.0,1.0,4.0,0.25,0.0,0.0,0.0,1.0,1.0,1.0,0,2,0.0,0.0,0.0,0.0,1.0,1.0,1.0,WNBA,2025
1642774,Murjanatu Musa,1611661317,PHX,26.0,Murjanatu,9.0,16.0,0.563,4.0,13.0,0.308,2.0,4.0,0.5,0.0,0.0,0.0,0.0,0.0,0.0,1,2,0.5,0.0,0.0,0.0,,,,WNBA,2025
1628899,Myisha Hines-Allen,1611661321,DAL,31.0,Myisha,59.0,113.0,0.522,30.0,55.0,0.545,7.0,21.0,0.333,3.0,5.0,0.6,0.0,2.0,0.0,13,52,0.25,0.0,1.0,0.0,3.0,7.0,0.429,WNBA,2025
1631019,NaLyssa Smith,1611661319,LVA,25.0,NaLyssa,59.0,95.0,0.621,53.0,101.0,0.525,14.0,44.0,0.318,1.0,2.0,0.5,0.0,1.0,0.0,7,24,0.292,0.0,0.0,0.0,1.0,3.0,0.333,WNBA,2025
1629483,Napheesa Collier,1611661324,MIN,29.0,Napheesa,104.0,142.0,0.732,76.0,166.0,0.458,45.0,86.0,0.523,3.0,4.0,0.75,2.0,2.0,1.0,45,118,0.381,0.0,0.0,0.0,5.0,6.0,0.833,WNBA,2025
204333,Natasha Cloud,1611661313,NYL,34.0,Natasha,60.0,90.0,0.667,26.0,66.0,0.394,13.0,39.0,0.333,3.0,12.0,0.25,2.0,3.0,0.667,47,137,0.343,0.0,2.0,0.0,5.0,15.0,0.333,WNBA,2025
203827,Natasha Howard,1611661325,IND,34.0,Natasha,133.0,195.0,0.682,58.0,114.0,0.509,3.0,20.0,0.15,1.0,3.0,0.333,1.0,3.0,0.333,4,27,0.148,0.0,0.0,0.0,2.0,6.0,0.333,WNBA,2025
1630442,Natasha Mack,1611661317,PHX,28.0,Natasha,39.0,55.0,0.709,28.0,50.0,0.56,4.0,15.0,0.267,0.0,2.0,0.0,0.0,0.0,0.0,0,2,0.0,0.0,0.0,0.0,0.0,2.0,0.0,WNBA,2025
1629567,Natisha Hiedeman,1611661324,MIN,29.0,Natisha,78.0,104.0,0.75,21.0,57.0,0.368,6.0,22.0,0.273,2.0,4.0,0.5,3.0,8.0,0.375,41,108,0.38,0.0,4.0,0.0,5.0,12.0,0.417,WNBA,2025
1631044,Naz Hillmon,1611661330,ATL,26.0,Naz,80.0,112.0,0.714,5.0,18.0,0.278,1.0,5.0,0.2,2.0,17.0,0.118,2.0,6.0,0.333,49,142,0.345,0.0,0.0,0.0,4.0,23.0,0.174,WNBA,2025
1628269,Nia Coffey,1611661330,ATL,31.0,Nia,27.0,52.0,0.519,3.0,10.0,0.3,1.0,3.0,0.333,3.0,7.0,0.429,3.0,5.0,0.6,18,70,0.257,0.0,0.0,0.0,6.0,12.0,0.5,WNBA,2025
203014,Nneka Ogwumike,1611661328,SEA,35.0,Nneka,114.0,147.0,0.776,85.0,169.0,0.503,55.0,121.0,0.455,6.0,15.0,0.4,8.0,17.0,0.471,52,148,0.351,0.0,0.0,0.0,14.0,32.0,0.438,WNBA,2025
1631055,Nyara Sabally,1611661313,NYL,26.0,Nyara,23.0,38.0,0.605,10.0,28.0,0.357,3.0,3.0,1.0,0.0,2.0,0.0,0.0,0.0,0.0,1,5,0.2,0.0,0.0,0.0,0.0,2.0,0.0,WNBA,2025
203824,Odyssey Sims,1611661325,IND,33.0,Odyssey,32.0,53.0,0.604,32.0,82.0,0.39,4.0,16.0,0.25,1.0,6.0,0.167,2.0,7.0,0.286,18,51,0.353,0.0,0.0,0.0,3.0,13.0,0.231,WNBA,2025
1631135,Olivia Nelson-Ododa,1611661323,CON,25.0,Olivia,68.0,101.0,0.673,20.0,59.0,0.339,24.0,53.0,0.453,0.0,0.0,0.0,0.0,0.0,0.0,1,2,0.5,0.0,0.0,0.0,,,,WNBA,2025
1642784,Paige Bueckers,1611661321,DAL,24.0,Paige,51.0,73.0,0.699,80.0,152.0,0.526,89.0,200.0,0.445,0.0,1.0,0.0,0.0,2.0,0.0,39,115,0.339,0.0,0.0,0.0,0.0,3.0,0.0,WNBA,2025
1627671,Rachel Banham,1611661329,CHI,32.0,Rachel,9.0,19.0,0.474,13.0,29.0,0.448,21.0,49.0,0.429,4.0,11.0,0.364,3.0,6.0,0.5,79,224,0.353,0.0,0.0,0.0,7.0,17.0,0.412,WNBA,2025
1630996,Rae Burrell,1611661320,LAS,26.0,Rae,42.0,69.0,0.609,11.0,37.0,0.297,2.0,5.0,0.4,3.0,10.0,0.3,0.0,3.0,0.0,19,54,0.352,0.0,0.0,0.0,3.0,13.0,0.231,WNBA,2025
1642796,Rayah Marshall,1611661323,CON,22.0,Rayah,5.0,11.0,0.455,2.0,11.0,0.182,2.0,3.0,0.667,0.0,0.0,0.0,0.0,0.0,0.0,0,1,0.0,0.0,0.0,0.0,,,,WNBA,2025
204296,Rebecca Allen,1611661329,CHI,33.0,Rebecca,19.0,34.0,0.559,6.0,27.0,0.222,15.0,47.0,0.319,4.0,8.0,0.5,4.0,9.0,0.444,34,115,0.296,0.0,0.0,0.0,8.0,17.0,0.471,WNBA,2025
203822,Rebekah Gardner,1611661313,NYL,35.0,Rebekah,28.0,45.0,0.622,5.0,20.0,0.25,2.0,3.0,0.667,1.0,6.0,0.167,2.0,5.0,0.4,17,31,0.548,0.0,0.0,0.0,3.0,11.0,0.273,WNBA,2025
1631009,Rhyne Howard,1611661330,ATL,26.0,Rhyne,33.0,61.0,0.541,29.0,71.0,0.408,23.0,50.0,0.46,3.0,10.0,0.3,1.0,4.0,0.25,98,290,0.338,0.0,13.0,0.0,4.0,14.0,0.286,WNBA,2025
1642288,Rickea Jackson,1611661320,LAS,25.0,Rickea,87.0,134.0,0.649,35.0,111.0,0.315,18.0,51.0,0.353,8.0,22.0,0.364,0.0,3.0,0.0,57,162,0.352,0.0,0.0,0.0,8.0,25.0,0.32,WNBA,2025
1641641,Robyn Parks,1611661323,CON,33.0,Robyn,0.0,0.0,0.0,0.0,0.0,0.0,1.0,1.0,1.0,0.0,0.0,0.0,0.0,0.0,0.0,0,4,0.0,0.0,0.0,0.0,,,,WNBA,2025
1629477,Sabrina Ionescu,1611661313,NYL,28.0,Sabrina,58.0,85.0,0.682,48.0,127.0,0.378,43.0,90.0,0.478,2.0,11.0,0.182,5.0,7.0,0.714,74,252,0.294,0.0,1.0,0.0,7.0,18.0,0.389,WNBA,2025
1628244,Sami Whitcomb,1611661317,PHX,37.0,Sami,24.0,45.0,0.533,11.0,35.0,0.314,8.0,17.0,0.471,5.0,13.0,0.385,5.0,15.0,0.333,76,210,0.362,0.0,0.0,0.0,10.0,28.0,0.357,WNBA,2025
1642790,Sania Feagin,1611661320,LAS,23.0,Sania,9.0,12.0,0.75,1.0,11.0,0.091,0.0,1.0,0.0,0.0,0.0,0.0,0.0,0.0,0.0,0,4,0.0,0.0,0.0,0.0,,,,WNBA,2025
1642809,Saniya Rivers,1611661323,CON,23.0,Saniya,42.0,69.0,0.609,21.0,46.0,0.457,36.0,108.0,0.333,4.0,12.0,0.333,0.0,7.0,0.0,39,104,0.375,0.0,3.0,0.0,4.0,19.0,0.211,WNBA,2025
1642782,Sarah Ashlee Barker,1611661320,LAS,24.0,Sarah Ashlee,13.0,26.0,0.5,2.0,13.0,0.154,2.0,4.0,0.5,1.0,8.0,0.125,5.0,11.0,0.455,12,42,0.286,0.0,0.0,0.0,6.0,19.0,0.316,WNBA,2025
1630149,Satou Sabally,1611661317,PHX,28.0,Satou,83.0,136.0,0.61,45.0,123.0,0.366,13.0,47.0,0.277,3.0,5.0,0.6,3.0,5.0,0.6,61,198,0.308,0.0,1.0,0.0,6.0,10.0,0.6,WNBA,2025
1642813,Serena Sundell,1611661321,DAL,23.0,Serena,0.0,0.0,0.0,0.0,0.0,0.0,0.0,0.0,0.0,0.0,0.0,0.0,0.0,0.0,0.0,0,1,0.0,0.0,0.0,0.0,,,,WNBA,2025
1642244,Sevgi Uzun,1611661329,CHI,28.0,Sevgi,10.0,15.0,0.667,9.0,30.0,0.3,7.0,20.0,0.35,1.0,5.0,0.2,0.0,1.0,0.0,4,24,0.167,0.0,0.0,0.0,1.0,6.0,0.167,WNBA,2025
1631022,Shakira Austin,1611661322,WAS,25.0,Shakira,118.0,179.0,0.659,52.0,159.0,0.327,19.0,58.0,0.328,0.0,0.0,0.0,0.0,0.0,0.0,2,15,0.133,0.0,0.0,0.0,,,,WNBA,2025
1628278,Shatori Walker-Kimbrough,1611661330,ATL,31.0,Shatori,5.0,9.0,0.556,3.0,7.0,0.429,7.0,16.0,0.438,6.0,8.0,0.75,1.0,1.0,1.0,4,22,0.182,0.0,0.0,0.0,7.0,9.0,0.778,WNBA,2025
203035,Shey Peddy,1611661325,IND,37.0,Shey,4.0,6.0,0.667,4.0,10.0,0.4,3.0,4.0,0.75,2.0,2.0,1.0,5.0,10.0,0.5,9,22,0.409,0.0,1.0,0.0,7.0,12.0,0.583,WNBA,2025
1631021,Sika Kone,1611661330,ATL,23.0,Sika,3.0,9.0,0.333,3.0,7.0,0.429,0.0,1.0,0.0,0.0,1.0,0.0,0.0,0.0,0.0,1,4,0.25,0.0,0.0,0.0,0.0,1.0,0.0,WNBA,2025
203400,Skylar Diggins,1611661328,SEA,35.0,Skylar,63.0,105.0,0.6,62.0,167.0,0.371,41.0,97.0,0.423,4.0,6.0,0.667,3.0,5.0,0.6,55,157,0.35,0.0,2.0,0.0,7.0,11.0,0.636,WNBA,2025
1642785,Sonia Citron,1611661322,WAS,22.0,Sonia,75.0,106.0,0.708,39.0,106.0,0.368,28.0,80.0,0.35,9.0,24.0,0.375,3.0,4.0,0.75,69,153,0.451,0.0,1.0,0.0,12.0,28.0,0.429,WNBA,2025
1629482,Sophie Cunningham,1611661325,IND,29.0,Sophie,30.0,47.0,0.638,0.0,3.0,0.0,1.0,7.0,0.143,2.0,14.0,0.143,2.0,5.0,0.4,47,99,0.475,0.0,0.0,0.0,4.0,19.0,0.211,WNBA,2025
203828,Stefanie Dolson,1611661322,WAS,34.0,Stefanie,19.0,25.0,0.76,5.0,19.0,0.263,9.0,23.0,0.391,1.0,6.0,0.167,1.0,1.0,1.0,25,68,0.368,0.0,0.0,0.0,2.0,7.0,0.286,WNBA,2025
203855,Stephanie Talbot,1611661313,NYL,32.0,Stephanie,11.0,17.0,0.647,9.0,23.0,0.391,3.0,8.0,0.375,3.0,11.0,0.273,2.0,6.0,0.333,11,39,0.282,0.0,0.0,0.0,5.0,17.0,0.294,WNBA,2025
1630134,Sug Sutton,1611661322,WAS,27.0,Sug,28.0,47.0,0.596,29.0,73.0,0.397,20.0,43.0,0.465,3.0,9.0,0.333,0.0,3.0,0.0,39,106,0.368,0.0,1.0,0.0,3.0,12.0,0.25,WNBA,2025
202641,Sydney Colson,1611661325,IND,36.0,Sydney,6.0,9.0,0.667,2.0,6.0,0.333,5.0,14.0,0.357,0.0,2.0,0.0,0.0,1.0,0.0,13,42,0.31,0.0,2.0,0.0,0.0,3.0,0.0,WNBA,2025
1642814,Taylor Thierry,1611661330,ATL,23.0,Taylor,1.0,5.0,0.2,0.0,3.0,0.0,0.0,0.0,0.0,0.0,0.0,0.0,1.0,1.0,1.0,0,2,0.0,0.0,0.0,0.0,1.0,1.0,1.0,WNBA,2025
1642804,Te-Hina Paopao,1611661330,ATL,23.0,Te-Hina,29.0,46.0,0.63,14.0,35.0,0.4,2.0,5.0,0.4,5.0,8.0,0.625,5.0,11.0,0.455,41,113,0.363,0.0,0.0,0.0,10.0,19.0,0.526,WNBA,2025
1629479,Teaira McCowan,1611661321,DAL,29.0,Teaira,31.0,50.0,0.62,3.0,11.0,0.273,1.0,4.0,0.25,0.0,0.0,0.0,0.0,0.0,0.0,1,2,0.5,0.0,0.0,0.0,,,,WNBA,2025
1627701,Temi Fagbenle,1611661331,GSV,33.0,Temi,70.0,101.0,0.693,31.0,57.0,0.544,12.0,29.0,0.414,2.0,6.0,0.333,1.0,14.0,0.071,9,42,0.214,0.0,0.0,0.0,3.0,20.0,0.15,WNBA,2025
203026,Tiffany Hayes,1611661331,GSV,36.0,Tiffany,32.0,60.0,0.533,24.0,67.0,0.358,2.0,9.0,0.222,2.0,2.0,1.0,3.0,6.0,0.5,36,92,0.391,0.0,1.0,0.0,5.0,8.0,0.625,WNBA,2025
1627676,Tiffany Mitchell,1611661328,SEA,31.0,Tiffany,13.0,25.0,0.52,13.0,33.0,0.394,3.0,14.0,0.214,0.0,1.0,0.0,0.0,4.0,0.0,11,24,0.458,0.0,1.0,0.0,0.0,5.0,0.0,WNBA,2025
202250,Tina Charles,1611661323,CON,37.0,Tina,102.0,167.0,0.611,74.0,213.0,0.347,72.0,167.0,0.431,0.0,1.0,0.0,0.0,0.0,0.0,12,45,0.267,0.0,0.0,0.0,0.0,1.0,0.0,WNBA,2025
1630112,Tyasha Harris,1611661321,DAL,28.0,Tyasha,1.0,3.0,0.333,0.0,2.0,0.0,2.0,2.0,1.0,0.0,2.0,0.0,0.0,0.0,0.0,5,9,0.556,0.0,0.0,0.0,0.0,2.0,0.0,WNBA,2025
1631007,Veronica Burton,1611661331,GSV,25.0,Veronica,33.0,71.0,0.465,47.0,118.0,0.398,8.0,19.0,0.421,2.0,4.0,0.5,2.0,2.0,1.0,57,168,0.339,0.0,3.0,0.0,4.0,6.0,0.667,WNBA,2025
1628304,Yvonne Anderson,1611661324,MIN,36.0,Yvonne,0.0,0.0,0.0,0.0,1.0,0.0,0.0,1.0,0.0,0.0,0.0,0.0,0.0,0.0,0.0,0,1,0.0,0.0,0.0,0.0,,,,WNBA,2025
1641660,Zia Cooke,1611661328,SEA,25.0,Zia,9.0,13.0,0.692,3.0,23.0,0.13,3.0,10.0,0.3,3.0,6.0,0.5,1.0,3.0,0.333,11,28,0.393,0.0,1.0,0.0,4.0,9.0,0.444,WNBA,2025
